3.59913,5.76802
1.58287e-07,6.23835e-07
-1.88493,-0.0246951
-1.93387,-0.0194999
-1.90363,-0.0870823
-1.87735,-0.231461
2.76337,4.99656
-1.82795,-0.300507
-1.8711,-0.315977
-1.90597,-0.318025
-1.97784,-0.321231
-2.05249,-0.323401
-2.09051,-0.324222
-2.16738,-0.325534
3.33397,-4.59064
-2.24528,-0.331872
1.6432e-06,3.1319e-06
3.34347,-4.61338
-2.2852,-0.342809
3.3593,-4.6674
3.37254,-4.72835
3.37852,-4.76039
1.94285,4.01557
3.38959,-4.82651
2.10679e-06,3.89106e-06
1.68915,3.7701
6.56072,0.754674
1.22953,3.34689
6.58294,0.730447
6.39586,1.86473
6.59698,0.715177
6.44313,1.86071
6.62889,0.680043
6.49213,1.86483
6.66306,0.642519
-0.401083,-1.56821
2.59837e-06,4.72155e-06
6.50656,1.88033
6.68155,0.624019
-0.400472,-1.56918
6.53644,1.91304
6.71888,0.585532
6.56825,1.94759
-0.207311,-1.76144
6.58479,1.96507
-0.214087,-1.74167
0.673984,2.61919
2.9871e-06,5.33404e-06
0.531081,2.48551
0.378262,2.34766
5.36715,2.80806
5.38563,2.81986
0.500398,-2.33897
0.150567,2.06596
5.42997,2.84249
0.0499648,1.97109
5.48369,2.86649
5.44468,1.91664
0.00320936,1.91709
5.51316,2.87988
5.46085,1.90384
-0.113355,1.78774
-0.228765,1.6231
-0.423017,1.89991
-0.282838,1.52593
-0.559188,1.91993
5.18971,2.26222
3.5859,-1.35217
5.24242,2.22403
3.96816e-06,7.05012e-06
3.93034,-1.86746
5.29683,2.18425
4.10235,-2.12504
5.32658,2.162
4.44551,-2.64017
5.69422,-2.19284
-0.34589,1.57895
4.78675,-3.15586
5.66035,-2.21994
-0.332104,1.60775
4.95667,-3.41419
5.63306,-2.24066
-0.322117,1.62803
5.29578,-3.93193
5.56791,-2.28825
4.14886,3.84983
-0.29977,1.67187
5.49825,-2.33969
-0.274788,1.71936
5.46285,-2.36583
-0.261868,1.74369
4.58643,2.95948
5.39173,-2.4184
-0.235836,1.79258
5.32011,-2.47139
-0.209494,1.84184
6.35136,-1.6152
4.47067,3.14841
4.88098e-06,8.47413e-06
4.88098e-06,8.47413e-06
4.5029,3.14145
6.45753,-1.42747
4.54732,3.12081
4.91321e-06,8.64305e-06
6.44525,-1.42182
6.39741,-1.41685
2.38278,-4.33975
6.90871,-0.891904
2.6538,-4.59515
6.91165,-0.86489
2.72559,-4.66238
3.80108,3.89252
2.77634,-4.62046
3.77968,3.85629
2.83519,-4.61311
3.77236,3.82957
2.89775,-4.66536
3.76286,3.7652
3.02378,-4.7713
3.7597,3.69248
2.58058,4.31896
3.1531,-4.88236
3.75968,3.65424
3.21858,-4.93912
3.76174,3.57567
3.35045,-5.05509
3.76563,3.49563
3.48355,-5.17511
3.55978,-5.22776
6.32418e-06,1.08527e-05
3.09039,-4.16194
3.73454,-5.31061
6.33233e-06,1.08774e-05
3.05998,-4.19048
3.91915,-5.37352
3.03294,-4.21222
2.95816,-4.26399
2.87535,-4.31953
1.53752,3.17367
2.83351,-4.34762
2.91059,4.15081
2.74927,-4.40418
1.30241,3.03815
2.94768,4.16296
7.09181,0.269069
1.2603,2.92922
2.99544,4.18381
7.1351,0.252805
6.90791e-06,1.17455e-05
3.01931,4.19423
7.15785,0.245285
1.08695,2.79383
3.06884,4.21611
7.20907,0.226783
1.00125,2.68763
3.1222,4.24011
7.26375,0.205665
0.954596,2.63174
3.15027,4.25287
7.29169,0.194558
0.816309,2.53756
7.34871,0.171951
0.0264555,-1.78213
7.31141e-06,1.24871e-05
2.34377,3.86895
0.693735,2.45008
7.3852e-06,1.2641e-05
0.547337,2.32511
1.71032,3.31401
0.427131,2.22787
0.372306,2.17539
6.4302,1.14543
0.274304,2.08504
6.46722,1.13765
0.178746,1.9859
6.51239,1.1218
6.53556,1.11342
0.0319516,1.85138
6.58327,1.09549
-0.0746995,1.74962
6.63359,1.07517
6.65972,1.06416
5.88148,1.75155
-0.222001,1.53197
8.39342e-06,1.43013e-05
-0.314093,1.41156
5.80285,1.87926
5.12214,-2.4703
-0.366312,1.32698
5.83474,1.86928
5.10858,-2.45535
-0.449388,1.22495
5.9059,1.84399
5.06601,-2.42824
-0.556422,1.04093
5.98322,1.81437
5.00451,-2.40397
-0.610689,0.945031
6.02314,1.79866
4.97017,-2.39256
-0.72094,0.743673
6.1044,1.76616
4.89793,-2.37076
-0.83233,0.535113
4.8202,-2.35678
8.93308e-06,1.51443e-05
-0.88851,0.428397
4.77752,-2.36055
-1.00155,0.212356
4.69193,-2.36817
-1.11513,-0.00603774
-1.17202,-0.115674
5.05963,2.60616
-1.28592,-0.335389
5.07731,2.58036
5.10191,2.54051
5.1153,2.51921
0.203328,2.03831
6.31234,-1.56885
2.63974,-4.66865
0.0703058,1.95616
6.30265,-1.57588
2.71267,-4.756
0.033776,1.98137
6.2591,-1.60636
2.79674,-4.75217
0.00134445,2.01825
6.19857,-1.64523
2.94417,-4.91215
9.7829e-06,1.66066e-05
-0.146436,1.8069
6.16421,-1.66661
3.02624,-4.99002
-0.190276,1.82461
6.09448,-1.71027
3.19101,-5.14696
-0.232409,1.84634
6.02366,-1.75486
3.35639,-5.3053
-0.252723,1.85929
5.98806,-1.77732
3.43919,-5.38477
-0.292256,1.88844
5.9167,-1.82238
4.07963,3.6326
3.60492,-5.54402
-0.331179,1.91914
4.052,3.61668
3.77875,-5.70759
1.03103e-05,1.74295e-05
-0.350436,1.93505
3.87773,-5.79561
-0.388712,1.96756
3.7731,3.89001
1.0529e-05,1.77131e-05
-0.426654,2.00098
3.74256,3.85728
-0.445553,2.01789
3.73065,3.83013
3.46619,-3.99692
3.71295,3.76014
3.43211,-4.00614
3.69862,3.68041
3.69228,3.63882
3.77549,-3.72349
3.74243,-3.72935
3.72597,-3.74471
3.69086,-3.80031
3.65114,-3.85854
3.63088,-3.88801
2.79856,4.28074
7.04192,0.281466
2.83346,4.33302
7.07335,0.28743
2.85202,4.36047
7.09478,0.286044
0.0299952,-1.71312
2.89066,4.417
7.14507,0.278791
7.19909,0.271215
7.22693,0.267139
0.328037,-2.0349
7.284,0.257906
0.42531,-2.13005
2.28722,3.86702
1.24831e-05,2.09578e-05
1.67263,3.31832
1.49822,3.07777
0.0714222,-1.66571
0.0702685,-1.62282
0.0671298,-1.59251
0.421016,2.00907
0.396915,1.96222
2.34154,-4.50135
0.296666,1.87343
5.05294,2.70647
2.45743,-4.6941
0.246398,1.77402
5.08239,2.71329
2.51621,-4.79462
0.176364,1.72798
5.14609,2.72439
2.62026,-4.72557
0.131069,1.61131
5.21442,2.73306
2.72271,-4.73527
0.0454282,1.50557
5.24969,2.73678
2.78131,-4.81848
0.0321259,1.4338
5.32163,2.74345
2.89912,-4.98655
0.00805495,1.28548
3.01872,-5.15952
-0.00827667,1.12235
1.49013e-05,2.49149e-05
3.07857,-5.24604
-0.0162352,1.0401
3.19845,-5.41979
-0.0286778,0.871317
3.31841,-5.59398
-0.0376968,0.698619
3.37841,-5.68113
-0.041418,0.611357
4.13704,3.58003
3.49841,-5.85549
-0.0477839,0.435572
3.61841,-6.02987
-0.0532449,0.258838
1.54795e-05,2.58917e-05
1.54795e-05,2.58917e-05
7.03045,0.754028
7.07131,0.776777
7.16111,0.821491
1.86947,-4.14936
1.60752e-05,2.68364e-05
1.92661,-4.36166
4.01043,-3.49476
1.95457,-4.475
4.01331,-3.48993
2.00904,-4.71008
4.0044,-3.49492
2.06369,-4.95426
3.98707,-3.50722
2.09097,-5.07835
3.97611,-3.51499
2.14533,-5.3272
3.95119,-3.53279
3.92433,-3.552
3.91076,-3.56175
2.47857,-4.31488
1.66931e-05,2.79078e-05
2.80387,4.20672
2.82745,4.22817
2.65276,-4.31835
2.87732,4.27355
2.63677,-4.32179
2.59991,-4.31955
2.57461,-4.31474
2.513,-4.30025
2.37201,3.88518
2.44383,-4.28677
1.92029,3.51576
2.40732,-4.28027
5.05869,2.64787
5.11085,2.63071
5.14019,2.61964
5.20156,2.59551
5.26479,2.57
5.29692,2.55682
5.36148,2.53026
5.4262,2.5036
1.82597e-05,3.0465e-05
6.41025,-1.4042
6.37214,-1.41743
6.31075,-1.44177
4.17945,-3.28532
6.27734,-1.45562
4.17345,-3.28143
0.211458,-1.73573
3.85707,3.813
6.20815,-1.48481
4.14586,-3.26859
3.85482,3.75405
6.13744,-1.51524
4.10396,-3.26509
3.85702,3.67213
6.10185,-1.53061
4.07779,-3.26512
3.85975,3.62738
6.03061,-1.5614
4.02153,-3.26714
3.8665,3.53566
5.95939,-1.59215
3.96215,-3.2709
3.87428,3.44224
3.93215,-3.27296
3.87827,3.39537
1.9018e-05,3.16791e-05
3.87207,-3.27713
3.88629,3.30154
1.92612e-05,3.20916e-05
1.92612e-05,3.20916e-05
0.163552,2.06166
0.0232274,1.94295
5.2233,-2.38521
-0.0303977,1.95223
5.2167,-2.38645
-0.0779512,1.97854
5.1837,-2.39134
-0.100768,1.99453
5.15729,-2.39372
-0.14537,2.03033
5.09789,-2.40147
2.14766,3.81839
-0.18911,2.06892
5.0309,-2.41201
-0.210805,2.08877
4.99623,-2.41775
-0.253984,2.12921
4.92613,-2.42966
-0.297047,2.17008
4.85534,-2.44188
4.81984,-2.44805
2.01328e-05,3.34991e-05
6.41845,-1.36193
2.29884,-4.41208
6.37739,-1.36682
6.34729,-1.3723
2.45096,-4.52419
6.28054,-1.3881
2.57092,-4.70168
2.69344,-4.88698
2.75551,-4.98161
2.80141,-4.78213
2.92058,-4.93951
2.98063,-5.01953
3.1018,-5.18254
5.86172,1.83165
3.22339,-5.34671
5.88124,1.82924
3.28427,-5.42905
5.92649,1.81901
3.40605,-5.59389
5.97727,1.80425
3.52786,-5.75885
6.00404,1.79594
3.58877,-5.84134
6.05941,1.77822
3.71059,-6.00635
6.11558,1.75983
6.14394,1.75041
5.04906,2.71716
5.07059,2.72525
-0.566236,1.59577
5.11445,2.71563
-0.611479,1.6076
-0.701915,1.6384
-0.793045,1.67864
-0.838815,1.70132
4.05637,-3.47484
-0.930557,1.74997
4.04032,-3.49906
4.0198,-3.52923
2.3015e-05,3.82695e-05
4.01336,-3.54061
3.99889,-3.56508
4.09311,3.61691
3.98185,-3.59188
0.0726245,-1.72415
4.09306,3.60502
3.97285,-3.60572
4.09417,3.55265
3.95445,-3.63382
0.452373,-1.95981
4.10024,3.48352
2.3486e-05,3.89985e-05
4.10484,3.44554
4.1149,3.36776
4.12565,3.28865
4.13115,3.24888
4.14228,3.16913
2.39824e-05,3.98094e-05
5.37821,-2.22902
5.88289,1.65612
5.3753,-2.25291
5.95162,1.62665
5.36512,-2.26969
5.99215,1.60943
5.32664,-2.30657
6.07999,1.57223
5.28209,-2.34925
6.16919,1.53405
5.25827,-2.37202
6.21434,1.51452
5.2091,-2.41879
6.30602,1.47434
5.15709,-2.4681
6.39922,1.433
5.89556,-1.79403
5.1301,-2.49365
5.89708,-1.79242
2.47227e-05,4.10209e-05
5.90778,-1.79051
2.47806e-05,4.11976e-05
2.58179,4.11787
5.26629,2.42442
5.93483,-1.80049
2.59703,4.13506
5.29416,2.42978
5.94032,-1.81354
2.62953,4.17177
5.35379,2.43847
5.94716,-1.84388
2.66413,4.2108
5.42015,2.44393
5.95118,-1.87757
2.68194,4.23082
5.45437,2.44616
5.95282,-1.89491
5.95607,-1.92974
2.51947e-05,4.1931e-05
2.51947e-05,4.1931e-05
2.54565e-05,4.22349e-05
0.0606882,-1.70258
0.0667213,-1.67202
4.55632,3.01868
2.34132,-4.57264
1.43915,3.06884
4.57691,2.9904
2.39594,-4.67138
1.39188,3.02585
0.299994,-1.95892
4.59372,2.97062
2.50729,-4.87601
1.30829,2.98308
4.6364,2.92358
2.61933,-5.08612
4.6827,2.87118
2.669,-4.78522
4.70671,2.844
2.75468,-4.73484
4.75651,2.78752
4.09964,3.56168
2.86469,-4.89234
0.943074,2.61616
4.80847,2.72851
4.14316,3.54915
2.92,-4.97236
4.1723,3.54063
2.60579e-05,4.33275e-05
3.03137,-5.13545
0.772441,2.48154
4.23321,3.52189
3.14328,-5.30021
0.677637,2.38619
4.30179,3.49901
3.19933,-5.38296
4.33791,3.48646
3.31146,-5.54866
0.538151,2.20815
4.41109,3.46052
3.42363,-5.71451
0.461179,2.08921
4.48513,3.43381
3.47971,-5.79746
0.411788,2.02006
4.5223,3.42034
3.59189,-5.96337
0.307506,1.90507
2.67892e-05,4.44361e-05
0.208875,1.80628
0.15921,1.74056
0.0520605,1.64277
6.98893,0.220562
-0.0570303,1.48783
7.02584,0.20454
-0.112048,1.40401
7.05012,0.190688
-0.200224,1.31583
7.1051,0.156513
-0.309489,1.14233
7.16513,0.11762
3.18394,4.30328
-0.365057,1.05168
7.19613,0.0970685
-0.47687,0.86306
7.26011,0.0536
-0.589537,0.666458
2.32772,-4.42374
7.32649,0.00740307
6.62572,0.769223
2.81649,4.27722
-0.646115,0.566243
2.39098,-4.52183
6.63484,0.760309
2.75267e-05,4.55517e-05
2.86389,4.34715
-0.759618,0.362862
2.52241,-4.72663
2.91494,4.42341
-0.873376,0.156227
2.65573,-4.93847
2.94099,4.46216
-0.930332,0.0523963
2.6651,-4.73749
6.38582,1.08604
2.74208,-4.74323
6.42392,1.10445
2.80179e-05,4.63752e-05
2.86697,-4.91547
6.46377,1.1212
2.92972,-5.00256
6.48554,1.12809
3.05591,-5.17907
2.84593e-05,4.70326e-05
3.18251,-5.35703
3.2459,-5.44625
3.37271,-5.62487
1.66467,3.24118
3.49955,-5.80364
5.76325,1.83595
3.56298,-5.89304
5.83038,1.82594
1.53656,3.117
3.68983,-6.07186
5.90558,1.81055
1.46356,2.98482
5.94518,1.80143
1.41923,2.92916
6.02763,1.78115
1.29758,2.86369
6.11363,1.75829
1.1903,2.74735
1.13686,2.68902
2.92586e-05,4.8501e-05
1.02705,2.5644
0.990134,2.51561
0.963979,2.4845
0.871724,2.40069
4.4661,-3.16732
0.776523,2.31706
4.54196,-3.09359
0.725183,2.25741
4.69717,-2.92233
0.628333,2.17416
4.86872,-2.73203
0.544231,2.09033
2.99282e-05,4.95961e-05
4.95777,-2.63342
0.509984,2.05956
5.13897,-2.4313
0.414467,1.97124
5.32198,-2.22622
0.336735,1.88867
0.288975,1.83699
6.46653,-1.33011
3.01739e-05,5.00087e-05
0.182893,1.76636
6.46034,-1.33542
0.083393,1.6596
6.43048,-1.35973
0.0295843,1.59551
6.41057,-1.37427
5.15718,-2.52164
-0.0800106,1.45367
6.36759,-1.40621
5.1239,-2.52044
-0.136236,1.3956
6.32285,-1.43954
5.09773,-2.52101
-0.190909,1.31653
6.30053,-1.45613
5.03433,-2.52544
-0.301054,1.15575
6.25655,-1.48872
4.96114,-2.53173
-0.414229,0.985533
3.7688,3.88701
3.07584e-05,5.09647e-05
4.92326,-2.53559
-0.471768,0.898134
3.76982,3.88797
0.0612996,-1.67772
4.84709,-2.5436
-0.587836,0.719287
3.77989,3.85284
0.0455896,-1.64684
4.77046,-2.55186
-0.704918,0.535879
3.79978,3.78982
0.0223247,-1.6014
4.73206,-2.55603
-0.763738,0.44314
3.81193,3.75412
0.00920874,-1.57617
-0.881714,0.25663
3.83817,3.6791
0.427286,-2.06072
3.11278e-05,5.15909e-05
-0.999794,0.0699239
3.86439,3.60252
3.87792,3.56366
3.12037e-05,5.16313e-05
3.90527,3.48563
6.54302,-1.26369
6.52541,-1.24921
6.47156,-1.22306
6.4023,-1.20322
2.88135,4.17062
6.36542,-1.19462
2.90836,4.18292
6.28999,-1.17843
2.96559,4.2097
6.86416,0.614567
6.21368,-1.1631
6.90707,0.598361
6.17525,-1.15569
6.93673,0.585722
6.09818,-1.14122
2.42303,3.89887
7.00669,0.556428
2.45941,3.92475
3.2411e-05,5.3691e-05
6.66053,1.11705
6.71134,1.12261
1.57777,3.15797
2.65618,-4.617
5.79631,1.80133
2.86572,-4.75457
5.82815,1.7859
2.93904,-4.84749
5.89665,1.75011
3.08869,-5.03734
5.96932,1.71031
3.11627,-4.83511
6.00636,1.68971
3.18665,-4.91514
6.07987,1.64904
3.3284,-5.07762
6.14777,1.6111
3.47066,-5.24162
6.18035,1.59322
3.54186,-5.32388
3.68258,-5.48522
3.39504e-05,5.62258e-05
3.81789,-5.63614
3.88554,-5.71161
5.06796,2.71687
4.02086,-5.86257
5.1072,2.71644
3.4306e-05,5.67654e-05
5.13064,2.71318
0.0930848,-1.68397
3.50564e-05,5.80268e-05
-0.304164,1.748
4.17055,-3.26012
-0.336862,1.78154
4.15202,-3.25297
-0.401637,1.85345
4.09756,-3.24426
-0.46603,1.9296
4.02766,-3.24103
-0.498156,1.96845
3.99005,-3.24053
3.93343,3.80356
-0.562304,2.04695
3.91228,-3.24085
3.91599,3.76536
3.83306,-3.24199
3.91248,3.69932
3.79327,-3.24266
3.91321,3.65864
3.71369,-3.24407
3.91645,3.57249
1.38997,-3.00554
1.43594,-3.02775
4.64507,3.14546
1.28046,-3.18469
4.69805,3.03046
1.20442,-3.27007
1.65482,-3.10808
3.61386e-05,5.98438e-05
1.14832,-3.30736
1.71021,-3.1022
1.01838,-3.38227
5.35786,-2.19329
1.77048,-3.18544
0.878441,-3.45811
5.30143,-2.20603
1.82962,-3.23998
0.806882,-3.49637
5.259,-2.21389
1.87642,-3.21787
0.661758,-3.57328
5.16338,-2.2291
1.96767,-3.28955
5.06418,-2.24653
2.03724,-3.37424
3.66752e-05,6.07387e-05
5.01438,-2.25528
2.08274,-3.36385
4.91452,-2.27291
2.17821,-3.33399
4.81449,-2.29064
2.25664,-3.52547
4.76446,-2.29951
2.30497,-3.51793
3.67764,4.19993
2.4016,-3.50285
2.59817,4.13147
3.69387e-05,6.12357e-05
3.70389,4.18789
2.49799,-3.48565
2.61933,4.17604
3.7228,4.17914
2.54582,-3.47384
2.62909,4.19999
3.76918,4.15893
2.64195,-3.44722
2.64296,4.2477
3.82452,4.13585
2.73925,-3.41474
2.64625,4.29381
6.49472,-1.19629
3.85452,4.12359
2.45608,-4.26239
2.78846,-3.3964
6.4907,-1.1974
3.73319e-05,6.17836e-05
3.91688,4.09833
2.88775,-3.35578
6.47038,-1.20237
3.97997,4.07301
2.61446,-4.25232
2.98811,-3.31064
4.01175,4.06033
2.59003,-4.24485
6.77639,-0.926054
3.7602e-05,6.22466e-05
2.54106,-4.23094
2.48472,-4.21706
1.70287,3.49137
2.45381,-4.21001
1.71482,3.52814
2.74892,4.23397
2.3881,-4.19566
1.74005,3.607
2.79012,4.28173
1.76298,3.68579
3.80133e-05,6.29187e-05
3.80133e-05,6.29187e-05
0.972039,2.85754
2.49034,4.06721
0.960092,2.75412
3.81554e-05,6.3159e-05
0.772788,2.6256
0.67609,2.51945
0.671037,2.45697
0.568365,2.37431
0.112924,-1.75527
0.450917,2.28134
0.101627,-1.72871
0.0912858,-1.70694
1.72042,3.46777
0.218003,2.05315
0.198926,2.00454
0.105703,1.90686
0.0301329,1.81959
1.00835,2.77611
-0.17906,1.5482
-0.222612,1.48632
-0.313808,1.3213
-0.415089,1.1202
-0.468064,1.01209
6.49712,1.21346
-0.576203,0.785465
6.52669,1.21557
-0.685966,0.549473
6.56559,1.21231
-0.741255,0.429762
6.58745,1.20922
-0.852297,0.188135
6.63291,1.20187
6.6813,1.19235
3.99607e-05,6.60622e-05
6.70595,1.18725
5.78316,1.84457
4.002e-05,6.6147e-05
5.78474,1.84215
5.79233,1.83396
5.81299,1.81213
5.83905,1.78477
-0.222597,1.51915
5.85382,1.76945
-0.205338,1.46047
5.88586,1.73653
-0.161334,1.41375
4.06948e-05,6.727e-05
-0.130391,1.39106
-0.0637075,1.34717
2.45314,-4.57282
0.00594076,1.30418
2.58775,-4.77428
0.0412157,1.28279
2.65609,-4.8779
4.96782,2.76728
0.112294,1.24014
2.79495,-5.08917
5.02355,2.74465
2.81462,-4.79794
5.05447,2.73133
2.88005,-4.88466
5.11921,2.70279
6.51429,-1.25484
3.01201,-5.06076
5.18596,2.67292
6.49193,-1.27194
3.1448,-5.23919
5.21956,2.65783
6.47275,-1.28404
3.21134,-5.32879
5.28689,2.62756
6.42404,-1.31113
3.34456,-5.50835
3.47786,-5.68814
4.16028e-05,6.87202e-05
6.84129,-0.905116
3.54451,-5.77803
4.12245,3.57267
6.78565,-0.933473
3.67782,-5.95784
4.12398,3.5347
6.7168,-0.97031
4.12955,3.50457
6.6809,-0.989701
3.85754,3.80918
4.1966e-05,6.92794e-05
3.8695,3.74547
3.87707,3.70492
3.89471,3.61652
3.91434,3.52333
3.92449,3.47611
4.25233e-05,7.01699e-05
0.0756679,-1.70199
0.0489067,-1.66811
0.0347577,-1.64285
2.67033,4.25673
2.71862,4.30773
0.0144679,-1.80941
4.38694e-05,7.24052e-05
6.49167,1.29309
6.55126,1.31309
6.61627,1.33064
6.64975,1.33897
6.71995,1.35407
5.71792,-1.93353
5.71746,-1.93319
4.47466e-05,7.39879e-05
5.71655,-1.93248
5.83804,1.7498
5.69621,-1.9406
5.77809,1.73324
5.66232,-1.95624
5.72153,1.69656
5.64292,-1.9657
5.69517,1.67354
0.719085,2.50661
5.60123,-1.98675
5.64487,1.62026
0.638045,2.36543
5.5582,-2.00873
5.59601,1.56128
5.53656,-2.01982
5.57182,1.53049
1.10681,-3.27787
5.49299,-2.04225
5.52382,1.46747
2.43626,-4.34027
0.369315,2.11423
6.49792,-1.28704
2.49616,-4.42716
0.326067,2.05311
1.20821,-3.42016
6.49293,-1.29217
2.62028,-4.60952
0.228819,1.9462
1.29927,-3.52556
6.47025,-1.31405
2.74754,-4.79834
0.115138,1.84651
2.81195,-4.89426
0.0677291,1.80917
5.21042,2.7379
1.45892,-3.67747
6.75114,-1.01416
2.79511,-4.64383
-0.0231106,1.69352
5.28035,2.7474
2.9131,-4.79994
-0.106541,1.54446
5.36094,2.75441
2.97251,-4.87914
-0.147433,1.45819
5.40298,2.75727
1.62598,-3.912
6.99262,-0.72899
3.09232,-5.04037
-0.228053,1.26815
5.49053,2.76127
1.62938,-3.96419
6.99827,-0.679589
3.21346,-5.20395
-0.320577,1.18416
1.72993,-4.03166
4.62448e-05,7.63766e-05
4.62448e-05,7.63766e-05
3.27432,-5.28632
-0.373375,1.18677
1.72879,-4.05144
3.39625,-5.45148
-0.451295,1.00342
1.71458,-4.08708
4.56678,3.27579
3.5184,-5.61706
-0.527722,0.809594
1.68226,-4.11001
4.55303,3.2613
3.57953,-5.69992
-0.565444,0.709048
1.66275,-4.11931
4.54658,3.24793
-0.640393,0.504182
1.62198,-4.1388
4.54041,3.21402
4.66026e-05,7.69073e-05
-0.715242,0.298462
1.58169,-4.16254
4.53325,3.17919
-0.752549,0.194364
1.56129,-4.17433
4.53088,3.15985
-0.826983,-0.0152836
1.51998,-4.19773
4.52704,3.11985
-0.901296,-0.225817
4.68312e-05,7.72784e-05
-0.93842,-0.331267
4.03576,-3.53217
3.67574,4.18944
4.01039,-3.53357
3.67864,4.17823
3.99083,-3.53631
3.69615,4.14835
3.94523,-3.54608
3.72426,4.11283
3.89621,-3.55658
3.74323,4.09266
3.87258,-3.55918
3.78754,4.04913
3.83159,-3.55192
3.83482,4.00419
3.80501,-3.51177
3.79395,-3.48698
6.39335,1.11288
4.79683e-05,7.92096e-05
6.38869,1.15263
4.81368e-05,7.93704e-05
6.38975,1.18982
6.39904,1.20475
6.42074,1.23252
4.42964,-3.23099
4.72354,-3.07295
4.95109,-2.9666
2.645,4.09814
5.29525,-2.39805
4.84703e-05,7.99719e-05
5.06636,-2.91648
5.31253,-2.3953
5.29013,-2.83245
5.31452,-2.38804
5.51192,-2.77235
5.29071,-2.38112
5.28526,-2.36122
4.90459e-05,8.09479e-05
5.29748,-2.28538
4.90088e-05,8.09003e-05
5.31792,-2.18973
5.10866,-2.59765
-0.0164187,-1.6548
-0.0281723,-1.62724
1.15245,2.82891
5.65423,-2.15618
5.64168,-2.15803
5.58612,-2.16765
5.51291,-2.18508
5.4739,-2.19561
5.39526,-2.21712
4.30913,3.35316
5.31607,-2.239
4.33466,3.34695
5.27638,-2.25
4.40044,3.31996
5.19636,-2.27241
4.47171,3.28825
6.39628,-1.51033
5.0489e-05,8.33143e-05
4.50872,3.27121
6.39652,-1.51024
4.58402,3.23624
6.37406,-1.5209
4.66169,3.19923
6.32908,-1.53828
3.82054,3.90818
6.30408,-1.55328
5.08576e-05,8.38753e-05
3.82371,3.89917
6.25308,-1.59572
3.84618,3.85351
6.19898,-1.64085
3.85997,3.82683
6.17149,-1.6638
3.88982,3.77104
6.11644,-1.70978
3.92202,3.71268
0.0602331,1.79658
3.93869,3.68288
0.0520946,1.82447
3.97282,3.62249
-0.110084,1.70176
5.15722e-05,8.4894e-05
-0.119347,1.7114
-0.133938,1.73679
-0.144943,1.76811
-0.149694,1.78494
-0.158265,1.81995
2.44991,-4.62302
-0.16617,1.85601
2.58146,-4.82362
-0.169972,1.87429
2.60186,-4.69106
-0.177248,1.91132
2.70635,-4.70191
2.83279,-4.86934
6.50002,1.0935
5.20843e-05,8.59966e-05
2.6091,4.08205
2.89634,-4.95416
6.52092,1.08841
3.02428,-5.1265
6.56478,1.07719
3.15281,-5.30049
6.6104,1.06644
3.21719,-5.38777
6.6328,1.06225
3.34603,-5.56266
6.6713,1.06644
3.47922,-5.71286
6.70772,1.07476
3.54653,-5.78384
3.68116,-5.92581
5.28409e-05,8.71267e-05
1.58001,3.29713
5.7538,1.84694
5.76372,1.83581
5.78773,1.80826
1.41365,3.04396
5.81324,1.77904
6.4545,1.11862
5.82529,1.76514
6.47187,1.11944
1.24951,2.87737
5.84345,1.74221
6.51332,1.11487
1.12411,2.81629
5.84277,1.73266
6.56406,1.10248
1.07235,2.77333
5.83431,1.73216
6.59104,1.09479
1.00277,2.67048
5.80417,1.75343
6.64763,1.07721
0.894462,2.57623
5.78409,1.81138
6.68461,1.06278
0.839956,2.51449
6.70007,1.05588
4.19665,-3.33699
0.745364,2.43404
4.19686,-3.33716
5.37604e-05,8.84469e-05
0.642307,2.31446
5.78431,1.80287
4.19081,-3.34005
0.596959,2.25229
5.78869,1.79471
4.17744,-3.34479
4.79929,2.80621
0.505472,2.19452
5.80319,1.77112
4.14537,-3.35759
0.398099,2.11621
5.82272,1.74127
4.10983,-3.37299
4.55417,3.00239
0.341741,2.04999
5.834,1.72465
4.09158,-3.38111
4.55828,2.98161
0.246175,1.96633
5.85879,1.68897
4.05456,-3.39775
4.58264,2.92581
0.163185,1.87501
5.88474,1.65185
4.01716,-3.41466
4.61744,2.85722
0.124351,1.85711
5.89814,1.63274
3.99838,-3.42317
4.63709,2.8204
0.0365392,1.77432
-0.0486926,1.69179
5.23227,2.59535
-0.0997684,1.63622
5.2937,2.55074
-0.202437,1.5193
-0.286144,1.43539
-0.322628,1.41837
-0.3968,1.34072
3.91931,3.72301
-0.494225,1.22247
-0.543757,1.15787
3.65104,3.94297
4.6211,3.2143
-0.645476,1.01252
3.70011,3.89405
4.59157,3.20407
0.082934,-1.71077
-0.750816,0.848753
3.74553,3.81784
-0.804333,0.762565
3.76585,3.7802
-0.913961,0.581775
4.19205,3.53286
-1.02628,0.393185
4.41267,3.66831
4.11925,3.50575
-1.08302,0.296995
4.08511,3.48813
5.54656e-05,9.14378e-05
-1.19715,0.102171
3.91361,3.87145
3.89305,3.8452
2.50472,3.95565
6.84901,-0.95638
2.43912,3.83871
2.39986,3.77159
6.94542,-0.863882
6.91733,-0.875624
2.16144,3.7141
6.87177,-0.895816
2.11351,3.65339
6.84687,-0.907394
2.0213,3.50429
6.79499,-0.932485
6.74006,-0.964056
5.67707e-05,9.33011e-05
6.71005,-0.987719
6.64973,-1.0354
1.27531,2.97562
1.2016,2.8783
1.03732,2.73088
5.75479e-05,9.47233e-05
0.941899,2.62228
2.55352,-4.40222
0.873113,2.59761
2.62439,-4.46634
0.779508,2.49498
6.93269,0.647988
2.77118,-4.60306
0.679769,2.37401
7.00797,0.614008
1.43575,3.35394
2.92417,-4.74642
0.633199,2.31064
7.05196,0.59338
3.00236,-4.81936
0.559999,2.22549
7.14694,0.548777
1.19916,3.27418
0.493413,2.12267
7.24519,0.501011
1.1783,3.08223
0.469855,2.08691
7.29534,0.476134
1.12354,3.01331
0.369123,1.99464
7.39742,0.424728
1.06024,2.92271
6.56717,1.16201
0.284774,1.90276
0.952237,2.84228
6.60979,1.15328
0.240991,1.84244
0.892111,2.80111
6.63263,1.14797
0.139258,1.74718
6.68147,1.1347
0.0943908,-1.70085
0.046074,1.61953
0.727642,2.64294
6.7319,1.12017
0.000643551,1.58733
6.75759,1.11253
-0.0868834,1.48612
6.80924,1.09704
-0.187079,1.34336
0.503861,2.44407
6.86112,1.08135
-0.237476,1.26489
5.8841e-05,9.67643e-05
-0.33971,1.09125
-0.446057,0.905683
-0.500477,0.807944
-0.610235,0.606857
-0.720976,0.40112
-0.776638,0.297023
-0.88841,0.0869674
4.30316,-3.19807
4.2938,-3.20742
4.75973,3.03601
-0.41889,1.68588
4.24999,-3.24739
-0.502404,1.69336
4.2186,-3.27126
-0.543453,1.70324
4.14963,-3.32396
-0.629413,1.74358
4.07671,-3.38
-0.716448,1.79674
4.0398,-3.40845
-0.759913,1.82504
3.96572,-3.46566
-0.846816,1.88353
3.89186,-3.52288
-0.933724,1.94344
3.85505,-3.55148
6.0684e-05,9.98408e-05
2.07646,-4.35479
2.11988,-4.43789
2.21577,-4.60666
6.09581e-05,0.000100376
2.32778,-4.75468
2.38336,-4.83156
2.49532,-4.99224
2.64529,-4.69033
2.70349,-4.75554
2.82023,-4.88754
2.93822,-5.02515
2.99753,-5.09516
3.11653,-5.23637
3.23586,-5.37868
3.29556,-5.45001
3.41499,-5.59285
6.20388e-05,0.000102068
2.32042,3.98679
2.15781,3.92317
2.06769,3.88365
-0.100349,-1.55912
2.0795,3.71413
1.93378,3.5977
0.0767982,-1.67426
1.86404,3.5257
0.0778948,-1.65597
1.77935,3.45765
1.67206,3.38461
1.60315,3.31325
3.87279,-3.63446
6.99795,-0.689736
1.50408,3.20575
3.87275,-3.67092
6.987,-0.696684
1.36784,3.0597
3.8845,-3.72759
6.93713,-0.731049
1.32863,3.04536
3.88905,-3.7577
6.90573,-0.753767
1.18642,2.88452
3.89643,-3.82021
6.83833,-0.803421
1.03744,2.71603
3.90247,-3.88451
6.76593,-0.857937
0.960734,2.62887
3.90516,-3.91709
6.72882,-0.88616
0.80452,2.45038
6.65386,-0.943457
6.32394e-05,0.000104102
0.842146,2.47635
0.017336,-1.8082
6.35593e-05,0.000104434
0.772617,2.39582
0.731475,2.37156
0.634859,2.30628
0.569158,2.23225
0.433563,2.07943
0.36676,2.00533
0.351883,1.99515
6.97309,0.305343
0.243474,1.91296
7.01301,0.297217
0.149281,1.8259
7.06756,0.279519
0.0851859,1.75679
7.09746,0.2686
-0.0158219,1.66972
7.1602,0.244083
-0.11367,1.59183
7.22525,0.217491
-0.174868,1.52834
7.25806,0.203943
0.965436,-3.0386
-0.25119,1.45386
7.32396,0.176594
-0.370821,1.31818
2.35516,-4.09318
-0.432311,1.24483
-0.559812,1.08454
2.56678,-4.32276
6.43247,1.05062
-0.691525,0.915011
2.71979,-4.48945
6.50589,1.04765
-0.758415,0.827882
2.79811,-4.57637
6.54712,1.04371
-0.894033,0.649883
2.957,-4.75299
6.6329,1.03384
-1.03108,0.468893
2.89663,-4.58195
6.72046,1.02288
-1.10001,0.377602
2.96751,-4.656
6.76445,1.01726
1.59143,-3.78267
-1.23858,0.193721
3.10994,-4.8051
6.85351,1.00536
1.65092,-3.86163
3.25391,-4.95716
1.71082,-3.90894
6.42389,-1.3609
6.54838e-05,0.000107793
3.32669,-5.03415
5.81507,1.6875
1.74105,-3.93274
6.41009,-1.34582
3.47266,-5.18903
5.8702,1.68115
1.75631,-3.95344
6.37138,-1.32459
3.61902,-5.34464
5.94683,1.66747
1.73424,-3.96054
6.3205,-1.30999
3.69229,-5.42257
5.98821,1.65937
1.71757,-3.96093
6.29255,-1.30401
3.83895,-5.57861
6.07258,1.64195
1.92154,-4.14432
6.23391,-1.29378
3.98573,-5.73476
6.15833,1.62352
1.90287,-4.15658
6.17347,-1.28459
6.20159,1.61404
1.8887,-4.16151
6.14299,-1.28015
6.60859e-05,0.000108776
6.28827,1.59497
1.85267,-4.16867
6.08186,-1.27139
2.21003,-4.29265
2.20793,-4.30092
2.20041,-4.31524
2.18223,-4.32272
2.17182,-4.32628
2.14824,-4.33317
2.12142,-4.33975
2.1074,-4.34305
2.07877,-4.34974
4.24435,-3.30322
4.69713,3.01825
2.04979,-4.35654
4.24629,-3.2632
4.69458,2.99955
6.69908e-05,0.00011028
4.21552,-3.17684
4.69865,2.94979
4.15704,-3.08834
4.70988,2.88823
4.12252,-3.04376
4.71661,2.8552
4.73041,2.78748
6.73056e-05,0.000110716
4.74268,2.72049
4.74892,2.68681
6.8826,0.589298
4.76145,2.61932
6.93616,0.584272
6.97004,0.578467
7.04844,0.56244
7.13622,0.541838
5.15521,-2.54319
7.18104,0.530736
5.12086,-2.56464
7.27105,0.508266
5.04134,-2.61199
7.36132,0.485614
4.95489,-2.66033
4.91111,-2.68442
3.65345,4.2063
6.80843e-05,0.000112082
4.83652,-2.72422
3.68049,4.22275
0.124641,-1.74271
3.73301,4.232
0.122616,-1.72359
4.77078,-2.73516
3.76593,4.2352
4.70363,-2.72078
3.83872,4.24072
3.90485,4.24506
3.93659,4.24708
4.0005,4.25114
5.78688,1.81764
6.87563e-05,0.000113087
5.79577,1.80753
5.81844,1.78222
6.27222,-1.48788
5.84582,1.75189
6.23974,-1.50049
5.8609,1.73533
6.2146,-1.51083
5.89303,1.70031
6.15693,-1.53569
5.926,1.66433
2.61872,4.12932
6.09863,-1.56077
5.94282,1.64594
6.07053,-1.57201
6.01434,-1.59448
5.95609,-1.57874
5.91702,-1.56075
6.86393,-0.77249
4.94745,2.72461
6.93195,-0.752657
6.95498e-05,0.000114411
6.95498e-05,0.000114411
4.99234,2.70851
6.90412,-0.748528
5.0183,2.69772
1.81325,-3.49382
6.88459,-0.747831
5.07369,2.67365
6.37875,-1.47439
1.91368,-3.58561
6.83849,-0.749647
5.13282,2.64668
6.34549,-1.47777
2.04861,-3.62377
6.78789,-0.751095
5.16307,2.63266
6.31728,-1.4823
2.11551,-3.62911
6.7629,-0.748533
5.22436,2.60406
6.24631,-1.49883
2.25118,-3.60854
6.71501,-0.733987
6.1759,-1.51801
2.39461,-3.57767
6.67106,-0.707169
7.04758e-05,0.000115876
1.26488,3.0005
6.14908,-1.52333
2.46446,-3.56366
6.65158,-0.690685
1.15819,2.91974
6.09336,-1.53669
2.45668,-3.86216
1.1014,2.78251
6.03687,-1.55082
2.58437,-3.86079
1.04972,2.72963
6.00856,-1.55793
2.64945,-3.85739
0.979003,2.66499
2.78207,-3.84522
7.08539e-05,0.000116636
0.880179,2.57318
2.91514,-3.83224
7.06899,0.281328
2.82982,-4.11177
0.750037,2.46316
2.95126,-4.12098
0.654832,2.37515
3.75237,3.94436
3.08388,-4.11669
6.99315,0.576366
3.75484,3.93164
3.15383,-4.11107
7.0861,0.570664
0.535174,2.24196
3.77366,3.88799
3.30114,-4.09316
7.19016,0.562388
0.449838,2.15599
3.79918,3.83337
3.46833,-4.06161
7.24447,0.558145
0.404041,2.11073
3.81346,3.80435
3.56442,-4.04444
7.35381,0.551554
0.29234,2.01169
3.84425,3.74378
3.7679,-4.0084
0.195042,1.92493
3.87578,3.68237
3.97636,-3.97319
0.135073,1.87273
3.89171,3.65152
4.08132,-3.95577
0.0132412,1.76121
7.16474e-05,0.000117885
6.50658,1.13588
-0.0902387,1.66155
6.54658,1.13951
-0.15273,1.59685
6.63062,1.14616
-0.220741,1.49857
-0.347079,1.34763
-0.413062,1.26851
7.04496,0.553231
-0.552173,1.10147
7.1577,0.52489
-0.696655,0.928523
2.8234,4.24955
7.21717,0.509014
-0.770133,0.839985
2.8446,4.26494
-0.914435,0.661805
5.77959,1.80068
-1.05871,0.481899
5.80811,1.799
-1.1313,0.391215
5.82748,1.79724
-1.27722,0.208663
2.32568,3.94493
5.86778,1.79368
6.519,1.11289
5.91058,1.79249
7.28104e-05,0.000119841
6.54702,1.10568
5.93394,1.79516
6.60845,1.08664
5.97356,1.81009
6.67405,1.06354
6.0068,1.83596
6.70796,1.05084
1.94481,3.59783
7.32614e-05,0.000120593
6.77678,1.02448
6.84602,0.9978
6.88085,0.98429
5.01711,2.5908
5.03254,2.59068
1.19395,2.93678
5.05437,2.5869
5.82579,1.86583
5.06515,2.58555
5.85777,1.84478
1.04132,2.74948
5.08212,2.58697
5.92886,1.79675
5.37546,-2.24116
0.984671,2.65662
5.08957,2.59606
6.00573,1.74399
5.35469,-2.24793
0.912027,2.62969
5.08906,2.60359
6.04562,1.71641
5.30655,-2.26781
0.809029,2.54797
5.07834,2.62656
6.1267,1.66008
5.2529,-2.29272
0.71273,2.45933
6.19329,1.61253
4.35316,3.1827
5.2253,-2.30589
6.22409,1.59029
4.35899,3.17609
5.1695,-2.33277
0.568316,2.32567
4.38261,3.14918
7.42214e-05,0.000121984
5.1133,-2.35999
0.496862,2.23228
4.40062,3.1249
5.08508,-2.37368
0.46533,2.18496
5.08402,2.69407
4.40549,3.11399
5.02858,-2.40113
0.362545,2.10112
5.12634,2.66092
4.40634,3.09571
0.263125,2.00968
0.269957,2.0377
0.20587,1.9569
3.6789,3.88997
2.29398,0.695446
7.46372e-05,0.000122829
2.42058,0.45399
-0.0145063,1.85591
2.4839,0.333252
6.53994,-1.22347
3.56916,4.0187
2.61055,0.0917595
3.57513,3.98304
2.73721,-0.149746
6.68689,-0.998527
3.57903,3.96009
2.80054,-0.270503
6.66843,-1.0178
4.40418,3.47886
2.92721,-0.512019
6.61836,-1.06334
4.43455,3.44867
3.05387,-0.753538
6.56007,-1.11437
3.1172,-0.874298
6.52981,-1.14074
-0.283527,1.58214
6.46888,-1.19385
7.54356e-05,0.000124221
-0.256665,1.64803
6.41358,-1.23502
-0.240716,1.6852
7.56744e-05,0.000124538
-0.20751,1.76144
-0.173088,1.83944
7.58034e-05,0.000124732
-0.155507,1.87896
2.76218,4.2613
-0.0655623,-1.65921
2.7945,4.31638
-0.0808775,-1.63375
2.81019,4.34438
-0.0942383,-1.61159
0.139178,-1.88689
2.24861,3.89849
1.85073,3.54161
7.64408e-05,0.000125767
7.00416,0.585601
7.04322,0.553951
7.12955,0.486047
2.69095,4.28338
7.2196,0.415602
2.71093,4.30542
7.26493,0.38006
1.58928,3.28272
7.3565,0.307938
1.6248,3.344
1.09422,2.78903
7.7187e-05,0.000127041
2.34928,3.97343
6.49536,1.27522
2.39677,4.01803
6.51102,1.26146
1.7932,3.53352
0.8714,2.59968
6.53907,1.23791
6.55488,1.22481
6.58772,1.19738
7.76528e-05,0.00012781
6.62031,1.16936
6.63684,1.15514
6.67005,1.12656
1.63313,3.45901
0.415213,2.13735
1.64279,3.47709
0.162307,1.90415
0.826546,2.6108
-0.0769048,1.65188
-0.127326,1.59057
2.56534,-4.51024
-0.195796,1.46796
7.86537e-05,0.000129419
2.74783,-4.64759
-0.294465,1.32421
-0.0795537,-1.54661
2.84104,-4.71878
-0.347469,1.2438
3.02995,-4.86359
4.98631,2.78216
-0.459841,1.07159
0.25234,2.15196
2.93951,-4.69259
-0.577517,0.881094
3.02288,-4.75253
-0.637737,0.780826
0.26207,-1.85639
0.132164,2.01162
3.05231,-4.69846
-0.760304,0.573753
-0.000816886,1.92866
3.20786,-4.80401
4.58149,3.08565
-0.884559,0.361621
3.28676,-4.85797
4.58461,3.06342
-0.947209,0.254104
3.4456,-4.96703
4.59471,3.00409
7.94486e-05,0.000130786
-0.209315,1.73128
3.6054,-5.07755
3.68546,-5.13311
3.84577,-5.24455
4.00617,-5.35615
4.12491,3.59121
4.08639,-5.41197
7.97821e-05,0.000131317
3.72812,4.07028
3.75269,4.10143
-0.884454,1.30572
3.78145,4.10731
3.84828,4.11517
8.02194e-05,0.000132077
2.22527,-4.32805
2.28176,-4.41813
2.59933,4.08208
2.3984,-4.60801
2.51925,-4.80509
2.58037,-4.90506
2.70312,-5.10683
2.82634,-5.3099
2.64195,-4.2922
1.69321,3.48863
2.56723,-4.27772
2.47537,-4.2563
2.42448,-4.24377
1.50916,3.39784
2.31951,-4.21886
0.0619026,-1.72703
2.21189,-4.19401
0.0453545,-1.71045
1.31842,3.16711
2.15764,-4.18162
0.0341334,-1.69371
5.75325,-1.83558
0.0115858,-1.64928
5.75314,-1.83528
8.2335e-05,0.000135543
1.13619,3.04399
5.74587,-1.83708
5.73198,-1.84246
5.695,-1.85849
5.65083,-1.87875
5.62763,-1.88961
0.736735,2.64076
5.58016,-1.91207
5.53209,-1.93497
5.50776,-1.94662
6.53182,-1.23054
6.49629,-1.24916
6.46752,-1.26266
4.04953,-3.41428
0.230877,-1.98961
6.39846,-1.29288
4.01489,-3.44611
6.81312,-0.945593
3.96896,-3.48801
6.78604,-0.95484
3.94171,-3.51136
6.71515,-0.985482
3.88592,-3.55937
6.63499,-1.02261
3.82925,-3.60837
-0.234186,1.80532
6.594,-1.04182
3.80079,-3.63307
-0.299546,1.80501
3.74403,-3.68288
8.37168e-05,0.000137786
-0.364058,1.82118
8.36905e-05,0.00013778
-0.395825,1.83294
-0.458791,1.86052
-0.521218,1.89133
-0.552315,1.90743
-0.614338,1.94078
5.36435,-2.24046
2.50279,-4.46911
5.33007,-2.27094
6.96762,0.30777
2.63284,-4.65771
5.29999,-2.29204
2.69901,-4.75453
5.22441,-2.33673
2.75881,-4.66454
1.51276,-3.72711
5.14527,-2.38475
6.9915,0.295802
2.83851,-4.65795
5.10468,-2.40964
7.0083,0.284889
2.90068,-4.73568
1.65942,-3.85041
5.00961,-2.46806
7.06486,0.243099
3.02316,-4.73258
1.7409,-3.92219
4.96875,-2.49319
7.09584,0.219654
3.08583,-4.80773
1.7743,-3.94021
4.887,-2.54348
3.21325,-4.96239
1.88746,-3.99803
3.34201,-5.12015
1.90859,-4.00122
8.48005e-05,0.000139699
6.68479,0.769845
3.40658,-5.19953
1.91504,-3.99616
6.7451,0.741486
3.53604,-5.35895
1.9175,-3.96829
3.66569,-5.51869
1.91212,-3.92657
3.73056,-5.59862
1.90761,-3.90432
3.86036,-5.75857
2.23933,-4.13216
2.25445,-4.10763
8.53244e-05,0.000140518
2.25982,-4.09343
2.26458,-4.06015
2.26356,-4.02346
6.83633,-0.915402
2.26166,-4.0044
6.81439,-0.923353
2.25542,-3.96502
6.77713,-0.939768
5.84012,1.60834
2.24662,-3.92494
6.75667,-0.949422
5.86739,1.58464
4.07763,-3.44358
2.2415,-3.90477
6.71427,-0.970135
5.9342,1.52805
2.23012,-3.86425
6.67017,-0.992437
6.01107,1.46469
6.64773,-1.00395
6.05167,1.43157
6.60253,-1.02741
6.13355,1.36468
6.55699,-1.05137
6.21682,1.29638
4.80061,-2.90274
6.25874,1.26188
5.35309,2.22741
8.6505e-05,0.000142393
-0.112087,-1.579
5.06243,-2.76846
8.64982e-05,0.000142388
-0.113694,-1.57159
8.66157e-05,0.000142647
-0.116908,-1.55677
5.29561,2.41833
-0.131573,-1.5156
4.04651,-3.47802
0.289705,-1.96934
4.03394,-3.47969
3.98011,-3.4881
3.91361,-3.50229
8.70868e-05,0.000143287
3.87676,-3.51094
3.80121,-3.52914
3.72431,-3.54806
6.85661,0.517813
3.68572,-3.55761
6.87976,0.50428
6.93424,0.468751
8.74648e-05,0.000143986
6.62236,1.01242
6.6754,1.01196
6.70792,1.0097
8.81706e-05,0.000145213
3.85172,3.84137
3.8764,3.795
3.8947,3.75731
5.65254,-2.19749
3.93629,3.66633
5.84774,1.70617
5.64425,-2.2007
3.98214,3.56878
5.89681,1.68826
5.84668,-1.99071
4.00553,3.5193
5.93141,1.67552
5.83264,-1.99466
4.05275,3.41977
6.00336,1.64698
5.77793,-2.0182
4.10026,3.31982
6.07793,1.616
5.71182,-2.04894
4.12403,3.2698
6.11578,1.60007
5.67708,-2.06525
6.8653,-0.781575
6.19198,1.56784
5.60534,-2.09919
6.92261,-0.642573
8.91174e-05,0.000146779
2.53416,-4.71049
6.26813,1.53573
5.53246,-2.13474
6.91657,-0.642831
2.60048,-4.81207
6.36269,-1.6152
6.30624,1.51972
5.49483,-2.15331
6.90423,-0.645178
2.73551,-5.01967
6.33223,-1.62536
6.88051,-0.64846
2.76133,-4.79196
6.27609,-1.64957
6.85131,-0.650594
2.82532,-4.87903
6.2423,-1.66542
6.83571,-0.649627
2.95353,-5.05385
6.16749,-1.70183
6.80397,-0.642321
3.08254,-5.23093
6.08999,-1.74137
6.77044,-0.627581
3.14717,-5.31979
6.0504,-1.76212
2.8148,4.24181
4.93015,2.80385
6.7528,-0.616327
3.27656,-5.49784
5.9705,-1.80463
2.85684,4.27905
3.40601,-5.67611
5.8904,-1.84738
3.47074,-5.76528
8.9911e-05,0.000147918
3.60021,-5.94364
3.72968,-6.12202
2.35067,3.9051
4.4268,3.23923
2.36718,3.92925
4.40479,3.2291
9.01689e-05,0.000148431
6.98939,0.576465
7.07901,0.573239
1.59728,3.15655
7.17864,0.568146
1.30898,2.97843
4.12573,-3.49569
1.08019,2.75362
4.12395,-3.54574
4.11396,-3.57766
0.975753,2.61837
4.08967,-3.64555
0.878017,2.53494
4.06214,-3.71706
4.04801,-3.75327
0.728943,2.41594
6.94153,0.622264
4.0196,-3.82588
0.632374,2.3278
6.99604,0.615934
9.14665e-05,0.00015059
0.594814,2.28166
7.02915,0.610155
5.85146,1.67865
0.505248,2.19874
7.10363,0.595529
5.89383,1.67121
0.413725,2.11408
7.18303,0.578105
5.96233,1.65799
7.22332,0.568893
5.99843,1.65102
0.227774,1.97036
7.31809,0.546711
6.07897,1.63831
7.35902,0.53694
6.10262,1.64127
-0.0640876,1.71621
-0.0900089,1.66732
9.22333e-05,0.000151782
-0.176061,1.56875
-0.252231,1.47425
5.12693,2.39193
-0.311445,1.41347
5.15429,2.3873
-0.432962,1.28954
5.21321,2.37496
-0.565943,1.15496
-0.635738,1.08223
-0.783529,0.923464
-0.937703,0.755542
-1.01597,0.67006
6.36447,-1.48309
9.28857e-05,0.000152693
-1.17411,0.497102
6.35779,-1.48129
-1.33378,0.322339
6.32481,-1.47622
6.29885,-1.47693
9.31163e-05,0.000153102
6.24326,-1.48144
6.18289,-1.4889
5.09214,2.76644
4.10625,3.37152
6.15178,-1.4932
5.12564,2.74301
4.15368,3.3363
6.08877,-1.5024
5.17352,2.70581
4.20536,3.28122
6.02539,-1.51184
4.22776,3.25256
5.99367,-1.51659
4.78249,3.18603
4.26043,3.19477
4.81296,3.16013
4.26914,3.13316
0.699225,2.45553
4.83097,3.14468
4.26505,3.09994
4.88047,3.1103
4.2445,3.02774
3.49262,4.01721
-0.552728,2.10187
9.40678e-05,0.000154583
-1.07892,1.98709
3.37243,4.18768
3.38958,4.19736
0.274323,1.91829
4.21206,3.95277
0.211376,1.82371
4.41709,3.92121
0.225328,1.772
4.52276,3.90474
0.29154,1.6489
4.73659,3.87099
-0.171552,2.08308
0.387675,1.50356
-0.223988,2.13058
0.44127,1.42548
-0.332971,2.23451
2.76426,4.15673
0.200742,1.32407
3.65922,4.32122
-0.443765,2.3421
2.78921,4.19753
0.0816747,1.22337
3.66626,4.31856
-0.499551,2.39677
0.113953,1.1448
3.68531,4.31454
0.178329,0.987134
3.72594,4.30537
0.243967,0.828691
3.77557,4.29504
0.277194,0.749273
3.80236,4.2897
0.353313,0.594234
3.85731,4.27891
9.535e-05,0.000156718
0.457416,0.451001
9.54605e-05,0.000157008
6.47908,1.0843
0.509546,0.379347
6.54752,1.08255
0.613868,0.236019
6.63001,1.07728
9.58205e-05,0.00015752
6.67215,1.07419
6.75698,1.06767
1.42081,3.05199
2.72376,4.23391
6.84245,1.06076
1.32604,2.95713
2.76345,4.27435
6.88531,1.05723
1.23656,2.93535
6.9711,1.05012
1.11901,2.82949
1.06922,2.74021
1.01658,2.68844
0.0767566,-1.7391
9.63491e-05,0.000158493
0.902844,2.49888
0.746165,2.38407
0.652789,2.29492
1.735,3.45556
0.503502,2.14824
1.77818,3.52065
0.429565,2.05256
1.80075,3.55408
5.06038,2.64377
1.84726,3.62251
0.311634,1.91704
5.1144,2.66263
1.89624,3.6936
0.217952,1.81834
5.17879,2.6843
0.171022,1.76883
5.21146,2.69486
9.7176e-05,0.000159888
0.0737263,1.66286
-0.0339029,1.52533
-0.0869298,1.44126
-0.197652,1.25627
-0.312358,1.05155
-0.371034,0.944476
-0.490682,0.72445
4.09021,3.60034
3.87446,3.7568
3.88111,3.73205
3.91299,3.66864
3.94929,3.59318
3.9687,3.55317
4.00822,3.47203
0.0806671,-1.68573
4.04824,3.39016
2.27773,-4.34813
0.299232,-1.84957
2.3374,-4.42951
9.86846e-05,0.000162252
0.298071,-1.81983
2.45827,-4.59404
-0.469556,1.66935
2.5842,-4.76516
-0.525936,1.67533
2.64798,-4.85269
-0.553763,1.69233
2.64218,-4.66951
-0.607419,1.7306
2.70625,-4.62654
-0.659579,1.77381
2.76231,-4.69105
-0.685365,1.79664
2.83492,-4.68456
-0.736554,1.84386
2.94453,-4.80428
-0.787474,1.89199
2.73497,4.15897
3.00065,-4.86778
9.93211e-05,0.000163224
2.77048,4.19978
3.11428,-4.99783
3.22898,-5.13069
3.28647,-5.19762
2.3304,3.94616
3.40154,-5.33198
2.36745,3.99945
3.51671,-5.46665
2.38954,4.03148
3.5743,-5.53403
9.98149e-05,0.000164071
0.000100172,0.000164599
2.65021,-4.56284
2.72392,-4.65638
2.87537,-4.84808
0.0297392,-1.69618
2.87874,-4.73769
0.00881742,-1.62722
2.86756,-4.64875
3.00295,-4.80102
0.423992,2.01222
3.14007,-4.95715
3.20918,-5.03628
3.348,-5.19557
3.48715,-5.35544
3.55677,-5.4355
3.6264,-5.51558
3.83531,-5.75591
3.90495,-5.83602
-0.0638267,1.59244
-0.213755,1.50938
-0.227248,1.52037
-0.225994,1.55147
-0.222794,1.57021
-0.21371,1.61081
-0.20279,1.65368
-0.196619,1.67592
-0.183878,1.72087
4.05722,-3.40242
4.0266,-3.42964
4.00408,-3.45042
4.272,-3.16904
6.35366,-1.48017
4.23004,-3.20797
6.3057,-1.47418
4.20496,-3.23197
6.27547,-1.47414
2.30734,-4.18362
4.14395,-3.28715
6.20399,-1.47549
2.44142,-4.34726
4.07667,-3.34701
2.5108,-4.43361
4.04241,-3.37754
6.74196,-0.952994
2.65241,-4.61383
6.69378,-0.931971
0.000103442,0.000169944
2.79653,-4.79948
6.64132,-0.912411
2.86927,-4.89345
6.60879,-0.904633
3.01609,-5.08364
0.000103954,0.000170696
2.62519,-4.212
2.585,-4.19121
2.53461,-4.16056
5.65315,-1.76569
5.67839,-1.71091
5.73501,-1.57688
2.35135,-4.69442
2.44105,-4.87408
2.52421,-4.76452
2.63319,-4.76084
2.71169,-4.90211
2.75098,-4.97417
7.12432,0.204131
2.82967,-5.12185
7.18609,0.175813
2.90819,-5.2724
2.9474,-5.34835
3.02571,-5.50062
6.99106,0.558967
3.10392,-5.65327
7.03703,0.550619
3.14301,-5.72967
4.1807,-3.35791
6.50437,-1.1656
-0.0476742,-1.6727
7.13572,0.531676
3.22116,-5.88254
4.20783,-3.27519
6.46751,-1.15544
-0.0503475,-1.66571
4.19777,-3.18274
6.407,-1.14645
-0.0641254,-1.63952
0.00010555,0.000173514
4.19305,-3.13656
6.82035,-0.848974
4.16656,-3.04279
6.75001,-0.821283
4.12579,-2.94678
6.65869,-0.799378
6.60874,-0.788896
0.000105898,0.000174064
6.50672,-0.767145
0.000105979,0.000174113
5.1244,-2.49924
5.11011,-2.50345
5.04814,-2.52272
5.90421,1.65586
5.01195,-2.53404
5.93882,1.63872
4.93192,-2.55795
6.01768,1.60006
4.85203,-2.57472
6.10091,1.55903
4.81195,-2.57749
6.14293,1.5382
4.72893,-2.57122
6.22749,1.49611
4.63822,-2.55466
6.31238,1.45384
6.3548,1.43277
4.93727,2.77167
4.98393,2.75162
5.73633,-2.13648
2.19636,-4.46148
5.01016,2.73985
5.73158,-2.14383
6.45194,-1.06667
2.24631,-4.55629
5.06667,2.71346
5.71174,-2.1738
6.44558,-1.06492
2.35046,-4.75735
5.12651,2.68414
5.68673,-2.20849
6.41459,-1.06347
2.45527,-4.96719
5.15694,2.66916
5.67233,-2.22734
6.39565,-1.0637
2.50828,-5.07505
5.64342,-2.26553
6.35597,-1.06521
2.60711,-5.2908
5.61334,-2.30516
2.70347,-5.50988
5.59743,-2.32574
6.35378,-1.67684
2.75164,-5.62042
2.69078,-4.33726
5.56375,-2.36847
6.30994,-1.69947
2.84801,-5.84278
2.65125,-4.36805
6.24775,-1.72062
4.1361,3.5796
0.000108439,0.00017826
2.62246,-4.37911
6.2165,-1.73136
5.80909,1.71318
4.15125,3.58473
2.54712,-4.39062
5.79863,1.70578
4.21885,3.58078
2.46153,-4.39969
5.81961,1.69113
4.30601,3.5692
2.41704,-4.40469
5.83647,1.6819
4.35142,3.56252
2.32587,-4.41536
4.44372,3.54832
4.5431,3.53376
0.000108836,0.000178865
5.38628,2.23786
4.60175,3.52674
5.42367,2.23412
4.71847,3.51376
7.11264,0.203565
7.14806,0.175013
7.21957,0.119455
7.2874,0.0722951
7.31113,0.0597731
2.79398,4.14663
6.42114,1.13807
2.81838,4.15574
6.44716,1.14917
2.87068,4.17612
2.92813,4.1998
2.95849,4.21255
1.96261,4.04426
3.02134,4.23976
6.95213,0.563374
1.86451,3.62168
6.97822,0.533548
6.99206,0.517588
3.86424,3.85298
7.02377,0.48178
3.86318,3.80027
5.9383,1.7376
3.86937,3.73869
3.87503,3.70315
0.000110854,0.000182295
3.88818,3.62937
3.90312,3.55319
1.51694,3.542
3.91101,3.51461
1.47193,3.64399
3.93465,3.43559
0.00011128,0.000182894
1.19738,2.97705
5.78633,-1.83788
0.00011118,0.000182666
5.35443,2.2349
5.78632,-1.8379
5.35417,2.22748
5.78676,-1.8498
5.35584,2.21196
5.77691,-1.87324
5.35784,2.20261
5.76917,-1.887
5.35893,2.18334
0.787718,2.65582
5.7511,-1.91648
5.34334,2.16724
0.777688,2.55407
5.73161,-1.94735
5.32381,2.1604
0.715629,2.49693
5.72164,-1.96296
5.27006,2.14334
0.611072,2.41771
2.76917,4.23431
5.70127,-1.99444
0.494154,2.33204
2.80227,4.23735
0.424587,2.28404
2.81959,4.23368
0.350002,2.1674
0.270351,2.10338
0.24112,2.04617
4.27147,3.26562
0.160133,1.95725
2.31573,3.77745
0.0392453,1.8579
-0.020709,1.80058
-0.0930904,1.7036
-0.209419,1.57023
4.92232,2.95642
-0.19697,1.55317
-0.313489,1.40479
1.45508,3.10327
-0.434871,1.24427
1.41719,3.03268
-0.497892,1.15878
-0.549196,1.12527
1.22762,2.92719
4.44498,3.38482
-0.671502,0.959677
1.12977,2.8579
-0.733669,0.87382
1.09365,2.7758
3.56782,4.58505
-0.860409,0.696846
1.02816,2.67505
-0.9867,0.52136
0.926525,2.59347
-1.04999,0.433466
-1.17749,0.255932
0.778566,2.45676
-1.3057,0.0770405
0.690342,2.36838
-1.37,-0.0128023
0.643301,2.32278
0.561998,2.20723
0.493714,2.0917
3.75115,4.26564
0.44837,2.0264
3.77225,4.2898
0.344809,1.91613
3.80947,4.3105
0.27766,1.82054
3.83163,4.32043
0.219183,1.79651
2.5731,4.13342
3.88079,4.34011
0.128186,1.67618
3.93608,4.35956
0.0307261,1.5355
3.96477,4.36928
-0.020316,1.45726
-0.124751,1.29179
0.000114184,0.000187826
-0.176519,1.27887
-0.22597,1.20368
-0.326305,1.04581
-0.428404,0.880805
-0.479849,0.796166
2.72195,4.24235
-0.583177,0.62317
2.75926,4.28163
-0.686786,0.446641
-0.738662,0.35759
-0.842088,0.179685
0.000115021,0.000189098
5.3578,2.17482
1.28338,3.2127
5.38941,2.16399
0.000115272,0.00018948
5.43532,2.16793
1.12002,2.99574
1.49097,3.27436
5.05364,2.64951
5.08682,2.65531
5.16375,2.66298
0.000115825,0.000190349
4.28209,3.3251
4.35156,3.27744
0.243425,2.08803
0.520634,0.977586
4.39147,3.24468
-0.034552,-1.55591
0.406128,2.29798
0.417911,0.679112
4.47393,3.17674
0.461953,2.40269
0.316889,0.376986
4.55843,3.10676
0.15517,-1.7384
0.266687,0.225087
4.60102,3.07145
0.150572,-1.73155
-0.0175153,1.62524
0.166596,-0.0795001
4.68703,3.00006
-0.0192566,1.65485
0.066738,-0.384714
0.391274,1.03238
3.70156,3.96654
0.000116843,0.000192133
0.0168927,-0.537442
0.383669,0.967484
3.7011,3.96781
-0.0819368,-0.842727
0.370957,0.836269
3.71333,3.91424
0.359936,0.703829
0.00990288,1.95252
3.73666,3.83223
0.000116948,0.000192427
0.354858,0.637123
3.7505,3.78854
0.345516,0.502488
3.78089,3.69776
0.337095,0.366447
3.80959,3.60402
0.000117258,0.000192725
0.333172,0.298008
3.81985,3.55443
0.325736,0.160561
3.84096,3.45471
0.00011752,0.000193303
-0.416526,1.70802
-0.418791,1.74556
-0.422448,1.822
2.7684,4.24504
-0.424762,1.90048
-0.425639,1.94019
0.000118045,0.000194096
2.37791,3.97616
0.0780925,-1.7403
2.39017,3.99105
0.0729973,-1.71495
1.82305,3.52144
1.70593,3.47907
1.56411,3.34309
1.45135,3.27109
1.26438,3.14972
1.16901,3.01971
-1.46436,0.422504
1.09712,2.97268
-1.48428,0.450678
0.949277,2.87543
2.67229,-4.33293
-1.50864,0.490092
0.884235,2.7492
2.8376,-4.48856
-1.52246,0.513648
0.8819,2.71175
-1.5511,0.563131
0.774344,2.6168
2.88229,-4.51634
-1.58063,0.614893
0.678151,2.5186
3.03848,-4.65885
-1.59555,0.641146
0.612275,2.46623
3.11761,-4.73136
0.480504,2.3616
3.2763,-4.87851
0.00011977,0.000196919
0.341992,2.2541
3.43046,-5.02499
0.355809,2.21005
3.50787,-5.09888
0.292906,2.11374
3.66291,-5.24715
0.196699,2.02445
3.81815,-5.39577
-0.0404704,-1.64118
0.129356,1.9691
3.8958,-5.47014
0.0499396,1.88031
4.05113,-5.61891
-0.0416896,1.78817
-0.0715684,1.75447
-0.193046,1.64993
-0.260492,1.55032
-0.322543,1.48498
-0.451344,1.3485
2.26913,-4.45101
-0.596719,1.19151
2.34495,-4.54297
-0.673127,1.10832
2.39357,-4.63122
-0.829744,0.93678
3.93163,-3.55591
2.4911,-4.81549
-0.991183,0.759505
3.92889,-3.55727
2.60533,-4.74875
-1.07311,0.669532
3.92024,-3.5625
2.65676,-4.83702
-0.0577872,-1.78625
-1.23862,0.487808
3.89302,-3.57857
2.75895,-4.81032
-1.40568,0.304547
2.86108,-4.96946
4.36541,-3.15328
2.91217,-5.05021
0.000121271,0.000199251
4.33395,-3.18021
3.01471,-5.2133
4.26635,-3.22263
3.11746,-5.37778
3.16748,-5.46136
0.000121444,0.000199517
3.26476,-5.63096
3.36207,-5.80065
3.41073,-5.88551
0.000121753,0.000199974
2.3449,-4.20765
2.52847,-4.44877
2.65459,-4.62452
2.71891,-4.71583
4.17734,-3.31431
2.85025,-4.90302
4.13824,-3.3215
2.8584,-4.69657
4.07524,-3.33402
2.91932,-4.77391
4.0398,-3.34174
2.99771,-4.69521
3.96427,-3.35924
3.11756,-4.83269
3.88743,-3.37713
3.11899,-4.66375
3.84907,-3.38583
3.23685,-4.78442
3.77313,-3.40209
3.35661,-4.91029
3.6995,-3.41506
3.41714,-4.97466
6.45471,-1.28
2.16139,-4.59281
0.000123388,0.000202728
3.53943,-5.10474
6.44643,-1.27763
2.23839,-4.76646
3.66325,-5.2359
6.40278,-1.28095
2.35087,-4.76067
3.72562,-5.30177
6.3756,-1.28607
2.44612,-4.70086
3.85116,-5.43396
6.31365,-1.29902
2.52426,-4.85018
3.9777,-5.56663
2.59984,-5.00523
4.04132,-5.63312
6.84271,-0.810826
2.63724,-5.08601
6.80013,-0.803064
2.71228,-5.2526
-0.0558772,-1.58704
6.74212,-0.796646
2.78725,-5.4202
-0.0614365,-1.57356
6.70935,-0.794351
2.82472,-5.50426
2.89689,-5.67374
0.284827,-1.83722
2.96813,-5.84374
0.280842,-1.81907
3.00375,-5.92875
6.96875,-0.86728
6.95334,-0.874411
4.82507,-3.35832
6.90761,-0.892993
4.97956,-3.40908
6.85185,-0.916351
6.8215,-0.935076
0.000125827,0.000206744
6.75725,-0.985948
6.69211,-1.03803
6.52748,1.04188
6.65946,-1.06428
6.61135,1.02732
6.59439,-1.11681
6.7055,1.0054
6.75421,0.993337
6.8529,0.968447
2.47551,-4.49292
6.95164,0.944177
2.6156,-4.67558
7.00083,0.933011
2.68688,-4.77029
7.09858,0.914517
2.73216,-4.6817
2.8698,-4.84504
6.48767,-1.21975
2.93917,-4.92684
5.73334,-2.14161
6.47806,-1.22032
3.07895,-5.09301
5.72264,-2.14852
6.43333,-1.22649
3.21981,-5.26127
5.68048,-2.17325
6.40656,-1.22919
3.29036,-5.34569
5.65369,-2.19029
6.35218,-1.23429
3.43157,-5.51482
5.59624,-2.22764
6.87041,0.636293
3.57282,-5.68411
5.53532,-2.26794
6.88377,-0.741442
3.64346,-5.76878
5.50425,-2.28854
6.85993,-0.723231
3.78473,-5.93815
5.44149,-2.33021
6.72693,0.861213
6.83526,-0.712888
0.000127359,0.000209443
6.81672,-0.710815
6.42449,-1.51945
6.42653,-1.5311
4.83464,2.85516
6.4004,-1.55901
6.38866,-1.57677
0.000127809,0.000210087
4.67956,3.03076
6.37666,-1.61642
4.5662,3.16654
4.50549,3.24407
6.91216,-1.10091
4.37853,3.41026
6.89259,-1.12037
4.24769,3.59272
6.85072,-1.14715
4.18025,3.68925
0.000128213,0.000210748
0.000128286,0.000210869
7.12193,0.221338
5.7755,1.82557
4.19299,-3.28942
7.14976,0.2117
5.77674,1.79794
4.17642,-3.29203
7.2093,0.190816
5.78424,1.73579
4.12835,-3.30434
7.27177,0.170958
5.79558,1.66812
4.07091,-3.32137
7.30286,0.163524
5.80213,1.63295
4.04075,-3.33077
7.36419,0.156569
5.81613,1.56101
3.97872,-3.35076
7.42805,0.162848
5.8276,1.49067
3.91578,-3.37145
7.463,0.17115
5.83163,1.45666
3.8842,-3.38186
3.85901,3.83988
3.83074,-3.42808
3.88392,3.82108
3.90146,3.8029
4.95365,2.81334
3.94246,3.75825
6.47239,1.1564
4.94501,2.81968
3.98481,3.71171
6.50237,1.16218
4.00519,3.68911
6.51996,1.16352
4.04261,3.64691
6.55552,1.16666
3.32962,4.1302
6.58716,1.17925
0.000129486,0.000212858
0.000129486,0.000212858
2.81067,4.49207
0.000129748,0.000213278
5.73882,1.87259
5.76658,1.84841
6.60217,0.940047
5.78236,1.83472
6.64775,0.91371
5.81588,1.80563
6.69939,0.882353
5.84856,1.77767
6.72615,0.865726
5.8625,1.76611
6.78145,0.830689
5.88435,1.75029
3.93109,3.95338
6.83835,0.794058
3.94035,3.97705
6.86697,0.775587
3.95199,3.98503
0.000130531,0.000214635
3.77539,4.32754
0.000130665,0.000214796
3.82794,4.37849
5.7399,1.84163
4.56661,2.98203
3.93823,4.4821
5.72178,1.80282
1.65995,3.34379
4.05359,4.58804
5.71586,1.77357
0.000130872,0.000215169
5.70819,1.70815
4.34521,3.18332
1.60063,3.17477
5.70325,1.63706
4.21111,3.24361
1.52379,3.08303
5.7019,1.59926
4.21153,3.33455
1.49692,3.02977
5.70036,1.52137
4.06954,3.40789
1.45634,2.9084
5.70023,1.44049
3.90552,3.4756
1.43527,2.76283
3.82007,3.50828
1.42047,2.68525
0.000131287,0.000215762
3.83798,3.63192
1.11559,2.70183
5.2137,2.73475
3.68314,3.7052
0.995162,2.65572
5.29179,2.73449
2.76008,4.22675
3.59456,3.74518
0.951349,2.59536
5.33593,2.73336
2.77787,4.24874
3.38551,3.80659
0.857758,2.51556
2.8122,4.29754
3.43216,3.939
0.765636,2.37943
3.33383,3.96854
0.719094,2.30575
3.13775,4.02825
0.619334,2.14291
2.93949,4.08847
0.527071,2.09117
2.25198,3.91893
2.84038,4.11871
0.463428,2.08449
1.89714,3.52765
0.000131895,0.00021682
6.87938,0.619221
2.64027,4.17954
0.366358,1.99704
6.91892,0.605552
2.43929,4.24223
0.257016,1.90607
1.71028,3.42299
6.94059,0.596628
2.33921,4.27472
0.200312,1.83457
4.37117,3.60972
6.98636,0.576464
0.11366,1.74823
4.3899,3.64023
0.000132332,0.000217555
0.0199394,1.66246
-0.020467,1.64762
6.49639,1.17216
-0.128532,1.52223
1.43942,2.97224
6.55151,1.18072
-0.202611,1.44572
1.30666,2.88116
-0.257685,1.37561
1.27443,2.81807
0.000132652,0.000218083
-0.370872,1.2315
1.21048,2.69629
2.7584,4.22636
-0.491434,1.0731
1.10513,2.61732
0.000132727,0.000218122
2.77112,4.24855
-0.553791,0.989684
1.05691,2.59353
2.79709,4.29487
-0.680618,0.818024
0.97386,2.51194
-0.809824,0.641001
0.889309,2.42858
5.76541,1.84716
-0.874987,0.551266
0.862421,2.37297
5.74387,1.84116
-1.0061,0.370102
0.819041,2.2594
5.73215,1.78951
2.23701,3.92477
-1.13804,0.187195
0.757134,2.17462
5.72893,1.75981
0.688597,2.14412
0.000133292,0.000219105
5.72458,1.69608
0.616268,2.067
5.72167,1.62966
0.52605,1.98405
5.72052,1.59588
0.507749,1.93045
5.71863,1.52749
0.419195,1.85179
0.314897,1.76868
0.000133552,0.000219545
0.290039,1.7179
2.59224,4.17416
4.99372,2.79514
0.24298,1.58952
2.16387,3.83146
4.99129,2.80466
0.113406,1.49465
4.99885,2.80093
0.0947157,1.4186
5.03368,2.77019
0.0597715,1.26304
0.0335914,1.09567
-0.135671,1.15107
-0.174558,0.992475
-0.20923,0.827227
-0.215804,0.744266
0.000134389,0.000220914
-0.208067,0.578992
-0.197612,0.410711
-0.191774,0.326013
-0.179386,0.155799
-0.16581,-0.0146983
1.34342,3.19614
-0.158453,-0.0998343
3.8183,4.13357
3.83142,4.14141
3.85553,4.13358
3.88307,4.11608
3.89911,4.10646
3.93535,4.08577
-0.0371607,1.77363
-0.0811032,1.79678
0.000135539,0.000222794
-0.102688,1.80742
0.539955,2.51876
-0.14965,1.82749
-0.199974,1.84767
-0.226632,1.85748
0.324735,2.33996
-0.284349,1.87508
0.22768,2.25438
-0.354056,1.8852
0.210452,2.26766
0.205542,2.28649
0.000136094,0.00022374
2.65597,4.11913
0.0382555,2.13481
0.0126244,2.15795
0.151459,-1.74111
0.000795634,2.17098
2.3504,3.96611
0.145727,-1.73159
-0.187607,1.97886
2.37554,4.0135
-0.223018,1.99242
2.39157,4.03978
-0.236617,2.00882
-0.441941,1.76926
1.7374,3.43933
-0.596843,1.5959
-0.623767,1.59194
1.60589,3.29775
-0.676751,1.58653
-0.726365,1.59052
-0.749942,1.59561
-0.795899,1.60864
-0.839971,1.6259
-0.861599,1.63547
-0.904468,1.65562
-0.947085,1.67647
0.0398247,-1.70616
-0.175898,1.74699
-0.362586,1.66052
2.64078,-4.5461
-0.39728,1.66645
2.71787,-4.6409
-0.465877,1.69043
2.87489,-4.83479
0.0720595,-1.73356
-0.532885,1.72355
2.81868,-4.68179
-0.566019,1.74211
2.89003,-4.76573
-0.631881,1.78263
2.95014,-4.73552
-0.697371,1.82681
3.08701,-4.88874
-0.730043,1.84946
3.15653,-4.96759
3.29646,-5.12672
0.000139494,0.000229389
3.43709,-5.2872
3.50754,-5.3677
3.64857,-5.529
-0.0314991,-1.66333
3.78972,-5.69047
-0.0371244,-1.64758
3.86033,-5.77125
0.000140006,0.000230081
2.37445,-4.71349
2.4708,-4.92363
2.51919,-5.03069
2.61383,-4.81616
2.71162,-4.99793
2.76056,-5.0898
2.8586,-5.27574
4.07399,-3.4488
2.95675,-5.46292
4.05247,-3.46118
3.00586,-5.55684
4.00054,-3.49218
3.10413,-5.74508
3.94227,-3.5275
2.20928,-3.97598
3.20246,-5.93368
1.11485,-3.16795
3.91247,-3.54557
3.25164,-6.02808
3.85328,-3.58138
2.41325,-4.20555
3.35004,-6.21705
3.79716,-3.61485
2.55553,-4.3734
2.62633,-4.46296
3.32143,-4.13254
2.76576,-4.64762
3.23086,-4.21607
2.90123,-4.84065
2.96836,-4.93857
0.000141659,0.000232919
3.10375,-5.13341
1.74257,-3.91489
2.65174,-4.25876
1.16895,-3.17144
1.83875,-4.02178
1.15437,-3.14553
1.14668,-3.13208
1.1307,-3.10452
1.11477,-3.07708
1.10719,-3.06386
1.09334,-3.03905
1.08239,-3.01804
1.07842,-3.0096
1.07469,-2.99842
2.91588,-4.76623
0.000143078,0.000235109
