7.90884,-0.359415
2.79704,5.4641
-1.79655,0.0283512
3.17263,-5.12263
8.27708,-0.296103
7.88373,-0.349587
2.78055,5.44529
-1.78124,0.0122956
3.18777,-5.10656
8.27073,-0.273014
7.85272,-0.333917
-1.76045,-0.00951212
3.20832,-5.08475
8.25901,-0.243965
7.79771,-0.300802
-1.72045,-0.0514802
3.24778,-5.04286
8.23184,-0.191
7.73464,-0.258076
3.2959,-4.99179
8.19453,-0.128481
7.68896,-0.225193
2.62264,5.26492
-1.63488,-0.141325
3.332,-4.95351
8.16484,-0.082269
2.57991,5.21609
-1.59536,-0.18285
3.37082,-4.91234
8.13181,-0.0328987
-1.53153,-0.249931
3.4334,-4.84598
8.07683,0.0463058
7.48495,-0.0676575
-1.46314,-0.321838
3.50032,-4.77503
8.01629,0.130757
7.43003,-0.0233625
2.38512,4.99319
-1.41541,-0.372022
3.54692,-4.72562
7.97329,0.189522
7.3456,0.0457912
2.30462,4.90095
-1.34115,-0.450119
3.61927,-4.64887
7.90539,0.280789
7.2882,0.0934379
2.24927,4.83746
-1.29011,-0.503796
3.66887,-4.59623
7.85812,0.343423
7.2301,0.142131
2.19275,4.77261
-1.23802,-0.558573
3.71942,-4.54258
7.80944,0.407295
7.14191,0.216808
2.10605,4.67314
-1.15815,-0.64249
3.79678,-4.46046
7.73402,0.505135
7.0826,0.267495
2.04712,4.60556
-1.10389,-0.699424
3.84927,-4.40474
7.6823,0.571552
6.99309,0.344609
1.95724,4.50262
-1.0212,-0.786048
3.92921,-4.31991
7.6028,0.672718
6.90316,0.422756
-0.937148,-0.873881
4.01043,-4.23377
7.52122,0.775488
6.84309,0.475304
1.80408,4.32768
-0.880454,-0.932986
4.06519,-4.17572
7.4658,0.844771
6.78299,0.528142
1.74182,4.25676
-0.823291,-0.992459
4.12041,-4.11721
7.4096,0.914599
6.69289,0.607831
-0.736763,-1.08224
4.20402,-4.02869
7.32396,1.02024
6.603,0.687909
-0.649403,-1.17259
4.28847,-3.93937
7.23682,1.12683
6.54325,0.741453
1.48807,3.9692
-0.590753,-1.23306
4.34519,-3.87942
7.17794,1.19835
6.45396,0.821936
-0.502227,-1.32408
4.43087,-3.78897
7.08859,1.30612
-0.442875,-1.38491
4.48835,-3.72833
7.02867,1.37784
6.33578,0.929463
1.26211,3.71524
-0.383282,-1.44585
4.54611,-3.66746
6.96853,1.44937
6.24795,1.01019
1.16495,3.60663
-0.293548,-1.53744
4.63323,-3.57573
6.87779,1.55623
6.18981,1.06399
1.10011,3.5343
-0.233575,-1.59861
4.69161,-3.51432
6.81689,1.62712
6.10323,1.14457
1.00275,3.42587
-0.143505,-1.69052
4.77959,-3.42185
6.72489,1.73289
6.01742,1.22494
-0.0534199,-1.78263
4.86805,-3.32898
6.63205,1.83793
5.96064,1.27835
0.00659075,-1.84413
4.92726,-3.26687
6.56967,1.90752
5.90421,1.3316
0.775363,3.17311
0.066532,-1.90571
4.98667,-3.2046
6.5069,1.97675
5.82019,1.41114
0.156263,-1.99822
5.07605,-3.11098
6.41198,2.07991
5.73696,1.49022
0.245717,-2.0909
5.1655,-3.01737
6.31614,2.18222
5.68191,1.54268
5.22516,-2.95498
6.25172,2.24993
5.62721,1.59491
5.28483,-2.89261
6.18689,2.31724
5.54584,1.67283
5.37438,-2.79909
6.08885,2.41744
5.49206,1.72449
0.29158,2.63567
5.43409,-2.73676
6.02295,2.48371
5.41209,1.80155
5.52369,-2.64328
5.92337,2.58237
5.33297,1.87815
5.61328,-2.54981
5.82313,2.68037
5.28071,1.929
5.673,-2.48748
5.75604,2.74544
5.22883,1.97974
5.73269,-2.42513
5.6888,2.81034
5.15177,2.0557
5.82219,-2.33156
5.58771,2.90747
5.1009,2.10629
-0.183589,2.10562
5.88181,-2.26914
5.52021,2.9721
5.02536,2.1822
5.97118,-2.17545
5.41883,3.06892
6.06045,-2.08167
5.31735,3.16563
-0.437253,1.82099
6.11991,-2.01909
5.24966,3.23007
-0.500916,1.74934
6.17931,-1.95646
5.18194,3.29447
-0.596645,1.64141
5.08032,3.39104
-0.660633,1.56915
5.01255,3.45539
-0.75688,1.46025
4.91085,3.55187
4.59177,2.64293
-0.853253,1.35095
4.80895,3.64815
4.54568,2.69521
-0.917424,1.27801
4.74081,3.71211
4.50001,2.74785
-0.981529,1.20502
4.67244,3.77583
4.43232,2.8275
-1.07755,1.09541
6.71125,-1.39072
4.56939,3.87086
4.38773,2.8811
-1.14147,1.02225
6.76993,-1.32772
4.5003,3.9338
4.32168,2.96225
-1.2372,0.912386
6.85775,-1.23324
4.396,4.02746
4.27821,3.01687
-1.3009,0.839047
6.91615,-1.17026
4.32599,4.08937
4.21385,3.09961
-1.39236,0.728839
7.00352,-1.07583
4.22018,4.18132
4.15051,3.18335
-1.45486,0.618022
7.09061,-0.981458
4.11334,4.27208
4.10886,3.23974
-1.48093,0.543976
7.14851,-0.918584
4.04149,4.33185
4.06768,3.29662
-1.4962,0.469919
7.20628,-0.855748
3.96912,4.39098
4.00675,3.38285
-1.50149,0.358993
7.2927,-0.761576
3.85951,4.47837
3.94688,3.47016
-1.48884,0.248381
7.36846,-0.666975
3.74851,4.55472
3.90792,3.52866
-1.47195,0.174807
2.5118,-4.42861
7.40289,-0.603195
3.67344,4.59057
3.86998,3.58735
-1.4492,0.101352
2.57469,-4.44445
7.42624,-0.538987
3.59734,4.61607
3.81482,3.67616
-1.40557,-0.00864145
2.66975,-4.45173
7.44334,-0.44208
3.48159,4.6371
3.77883,3.73619
-1.37099,-0.0818713
2.73342,-4.44709
7.44444,-0.377188
3.40379,4.64085
3.7252,3.82777
-1.31211,-0.191616
2.82914,-4.42809
7.43306,-0.279567
3.28705,4.63297
3.67116,3.92124
-1.24609,-0.3013
2.92488,-4.39684
7.40849,-0.181732
3.17112,4.61104
3.63457,3.98454
-1.19871,-0.374422
2.98862,-4.37027
7.38595,-0.116442
3.0946,4.58975
-1.14899,-0.447566
3.05224,-4.33973
7.35918,-0.0511244
3.01879,4.56385
3.54067,4.14558
-1.0706,-0.557361
3.14736,-4.28749
7.31219,0.0468674
2.90643,4.51756
3.50143,4.20701
-1.01612,-0.630637
3.21053,-4.24896
7.27696,0.11219
2.83237,4.48246
3.43689,4.27309
-0.931581,-0.74071
3.30485,-4.18648
7.2192,0.210147
2.72245,4.42447
3.39069,4.30214
-0.873576,-0.814214
3.36743,-4.14213
7.17788,0.275428
2.64985,4.38278
3.31756,4.32678
-0.784504,-0.924544
3.46096,-4.07222
7.11232,0.373271
2.54176,4.31626
3.24092,4.3324
-0.69339,-1.03477
3.5543,-3.99899
7.04305,0.470964
2.43417,4.24539
3.18844,4.32735
-0.631719,-1.1081
3.61651,-3.94867
6.9951,0.535987
2.36244,4.1959
3.13515,4.3163
-0.569428,-1.18127
6.94589,0.600913
2.29057,4.14475
3.05397,4.29006
-0.475028,-1.29061
3.77236,-3.81878
6.87,0.698105
2.99903,4.26704
-0.411566,-1.36318
3.83494,-3.76556
6.81816,0.76276
2.11037,4.01041
2.9153,4.22556
-0.315751,-1.47151
6.73876,0.85952
2.0024,3.92592
2.82988,4.17715
-0.219359,-1.57913
6.65761,0.956006
1.89495,3.83881
2.77201,4.14171
-0.154859,-1.65045
6.60264,1.02017
1.82369,3.77936
2.71342,4.10414
-0.090218,-1.72142
4.15126,-3.49296
6.54704,1.08422
1.75275,3.71886
2.62428,4.04444
0.00692954,-1.82718
6.46257,1.18005
2.56409,4.00279
0.0717716,-1.89721
6.4056,1.24378
0.169098,-2.00159
1.47438,3.46938
0.234023,-2.07084
4.47493,-3.21546
1.40612,3.40555
0.33147,-2.17435
4.57317,-3.13166
1.3045,3.30898
2.257,3.7783
4.63877,-3.0756
6.11508,1.56108
1.2372,3.24413
2.16387,3.70671
4.73705,-2.99132
6.02695,1.65594
2.1017,3.65808
4.80245,-2.93499
5.96812,1.71911
2.00842,3.58389
4.9003,-2.85022
5.87983,1.81381
0.970668,2.98202
1.94625,3.53364
4.96536,-2.79349
5.82097,1.87695
1.8531,3.45715
5.06263,-2.70805
5.73272,1.9717
0.805596,2.81668
1.79109,3.40544
5.12726,-2.65083
5.67394,2.03491
5.22383,-2.5646
5.58588,2.12984
5.31996,-2.47787
5.498,2.22492
0.542793,2.55082
5.38378,-2.41976
5.43951,2.28841
0.47723,2.48422
5.44742,-2.36145
5.38114,2.35198
0.411694,2.41759
5.5426,-2.27369
5.29385,2.44748
5.6059,-2.21501
5.23585,2.51124
5.70067,-2.12679
5.1492,2.60701
5.06301,2.70293
5.85826,-1.97939
5.00581,2.76695
-0.0143646,1.98459
5.92123,-1.92035
4.94884,2.83102
-0.0800127,1.91807
6.01562,-1.83174
4.86383,2.92724
-0.178571,1.81838
6.07853,-1.77265
6.1729,-1.684
2.03855,-3.97507
6.23582,-1.62492
-0.409021,1.58625
2.13937,-4.07712
-0.508016,1.48699
2.24042,-4.17873
6.42469,-1.44778
-0.607161,1.38788
2.30781,-4.2463
6.4877,-1.38879
-0.673343,1.3219
2.37553,-4.30965
6.55074,-1.32984
4.39177,3.47433
-0.739594,1.25598
2.47942,-4.37579
6.64537,-1.24147
4.30945,3.57146
-0.839101,1.15724
2.54984,-4.40326
6.7085,-1.18261
4.25452,3.63639
-0.905524,1.0915
2.65667,-4.42336
6.80327,-1.0944
4.17197,3.73406
-1.00528,0.99301
2.72845,-4.42462
6.8665,-1.03565
4.11679,3.79938
-1.07187,0.927434
2.83661,-4.41111
6.96144,-0.947614
4.0337,3.89766
-1.17187,0.829185
2.90888,-4.39325
7.02478,-0.888988
3.97806,3.96339
-1.2386,0.763758
3.01732,-4.35524
7.1199,-0.801147
3.89429,4.06212
-1.33488,0.665444
3.08954,-4.32346
7.18337,-0.742654
3.83835,4.12786
-1.38318,0.598761
3.19762,-4.26763
7.27864,-0.655045
3.75425,4.2263
-1.43233,0.496322
3.3053,-4.20353
7.35258,-0.565677
3.6695,4.32094
-1.45783,0.391012
-0.444172,1.3888
3.37686,-4.15692
7.38616,-0.504859
3.61147,4.36933
-1.46349,0.319647
-0.503821,1.33541
3.44825,-4.10764
7.40889,-0.443261
3.55228,4.40578
-1.46117,0.247769
-0.593581,1.25532
3.55505,-4.02937
7.42541,-0.34971
3.4618,4.44101
-1.44465,0.139666
-0.683776,1.17475
7.42407,-0.255119
3.36977,4.45639
-1.41478,0.0318427
-0.744173,1.12066
3.73241,-3.88955
7.41479,-0.191634
3.30778,4.45725
-1.38857,-0.0396916
-0.804795,1.06625
3.80318,-3.83097
7.39972,-0.127901
3.2454,4.45159
-1.358,-0.110892
-0.896179,0.98407
3.90917,-3.74078
7.36774,-0.0319664
3.15128,4.43244
-1.30505,-0.217051
-0.957416,0.928951
7.34103,0.0321384
3.08828,4.41349
-1.26563,-0.287413
-1.04977,0.84586
7.29411,0.128416
2.99354,4.37712
-1.20126,-0.392394
-1.11169,0.79024
7.25889,0.192636
2.93027,4.34824
-1.1553,-0.46204
-1.20509,0.706552
7.20107,0.288958
2.83531,4.29898
-1.08246,-0.566057
-1.26754,0.650781
7.15965,0.35314
2.77199,4.26265
-1.03164,-0.635133
-1.34085,0.564964
4.43772,-3.26157
7.0939,0.449319
2.67706,4.20368
-0.952513,-0.738379
-1.37464,0.50624
4.50816,-3.19539
7.048,0.513337
2.61381,4.1618
-0.898132,-0.806967
-1.40606,0.416411
4.61388,-3.0956
6.97658,0.609158
2.51898,4.09573
-0.814535,-0.90949
-1.41584,0.355619
4.68441,-3.02884
6.92752,0.672876
2.4558,4.04983
-0.757664,-0.977613
-1.41622,0.263459
4.79017,-2.9286
6.85211,0.768176
2.36109,3.97866
-0.67094,-1.07951
-1.40818,0.201561
4.86068,-2.86178
6.80083,0.831512
2.29798,3.92989
-0.612318,-1.14729
-1.3855,0.108265
4.9665,-2.7616
6.72267,0.926199
2.20336,3.85506
-0.523397,-1.24874
-1.36418,0.0458545
5.03712,-2.69489
6.66988,0.989105
2.14031,3.80423
-0.463583,-1.31621
-1.32417,-0.0479859
6.58986,1.08313
2.04575,3.72678
-0.37326,-1.41714
-1.29279,-0.110653
5.21404,-2.5285
6.53607,1.14558
1.98273,3.67448
-0.312738,-1.48422
-1.2396,-0.204746
5.32051,-2.42901
6.45485,1.23892
-0.221627,-1.5845
-1.18005,-0.298874
5.42725,-2.32983
6.37315,1.33183
-0.130249,-1.68437
-1.13728,-0.361608
5.49856,-2.2639
1.73072,3.46115
-0.0692299,-1.75074
-1.09242,-0.424288
5.56999,-2.19809
-1.02177,-0.518143
5.67731,-2.09952
-0.947819,-0.611725
5.78476,-2.00108
6.09867,1.63871
-0.897011,-0.673929
5.85644,-1.93551
6.04349,1.69962
-0.845195,-0.73597
5.92813,-1.86995
5.98824,1.76038
-0.765902,-0.8287
6.03567,-1.77161
5.90527,1.85128
-0.712174,-0.890287
6.10735,-1.70604
5.84989,1.91171
-0.630552,-0.982302
6.21482,-1.60764
5.76676,2.00213
-0.54796,-1.07387
6.32223,-1.50917
-0.492488,-1.13465
-0.436763,-1.19523
6.46531,-1.37772
5.57255,2.21209
-0.352824,-1.28571
6.5725,-1.279
5.48925,2.30166
-0.296695,-1.34579
6.64391,-1.21315
5.43371,2.36126
-0.212321,-1.43568
6.75102,-1.11434
5.35031,2.4506
-0.127802,-1.52542
6.85819,-1.0156
5.26678,2.53999
-0.0714097,-1.58523
6.92969,-0.949838
5.211,2.59967
-0.0150007,-1.64507
7.00127,-0.884153
5.15512,2.65945
0.0696111,-1.73494
7.10879,-0.785806
5.0711,2.74936
0.313447,2.1862
7.18061,-0.720385
5.01495,2.8095
7.28445,-0.621985
4.93048,2.90003
0.266816,-1.94553
7.33698,-0.554494
4.87401,2.96064
0.0931283,1.981
7.39087,-0.450667
4.78904,3.05194
-0.00125166,1.8929
7.41245,-0.380107
4.73222,3.11309
-0.0641562,1.83413
7.42659,-0.272791
4.64671,3.20526
-0.158489,1.74594
7.42552,-0.200516
-0.221361,1.68713
7.41055,-0.0912961
4.50343,3.36017
-0.315641,1.59887
7.38188,0.0186627
4.417,3.45398
-0.409886,1.51054
7.3563,0.0922788
4.35919,3.51691
-0.472694,1.45162
7.3262,0.166089
4.30122,3.58016
-0.535484,1.39266
7.27369,0.277088
4.21401,3.67564
-0.629634,1.30414
7.23439,0.351236
-0.692375,1.24508
2.36373,-4.34826
7.16992,0.462631
4.06892,3.83537
-0.78645,1.15639
2.45973,-4.41029
7.12373,0.536985
4.01104,3.8994
-0.84914,1.0972
7.05028,0.648629
3.92439,3.9956
-0.943135,1.00832
2.62609,-4.45763
6.99887,0.72312
3.86672,4.05982
-1.00577,0.948993
2.69457,-4.46047
6.97252,0.760408
3.83793,4.09199
-1.03708,0.919337
2.72912,-4.4589
8.19679,0.306872
2.70684,4.84273
-1.62452,0.424353
3.23103,-4.73354
8.11676,-0.445241
8.1783,0.326313
2.68945,4.82482
-1.61012,0.407471
3.24681,-4.71775
8.10314,-0.432773
2.66583,4.80049
-1.59058,0.38454
3.26824,-4.69625
8.08432,-0.415089
2.63675,4.77055
-1.56652,0.356306
3.29463,-4.66972
8.06087,-0.392692
8.07046,0.437606
2.58436,4.71661
-1.52318,0.305416
3.34223,-4.62176
8.01822,-0.351292
8.03033,0.478702
2.54443,4.6755
-1.49014,0.266603
3.37855,-4.58507
7.98553,-0.319123
7.94106,0.569782
-1.41589,0.179344
3.46026,-4.50228
7.91195,-0.245564
7.91715,0.594109
-1.39588,0.155811
3.48231,-4.47988
7.89212,-0.225505
7.84225,0.670156
2.35437,4.47984
-1.33289,0.0817585
3.55175,-4.40916
7.76331,0.750081
2.27372,4.39677
-1.26614,0.00326722
7.70881,0.80513
2.21785,4.33919
-1.21987,-0.0511218
7.71892,-0.0464904
7.62477,0.889865
2.1314,4.25006
-1.14826,-0.135292
7.64924,0.0272888
7.56741,0.94756
2.07226,4.18908
-1.09926,-0.192884
7.60181,0.0779998
7.47965,1.03557
-1.02416,-0.281138
7.52928,0.156004
7.42041,1.09474
-0.973168,-0.341048
7.48003,0.209128
7.36104,1.15379
1.8582,3.96868
-0.92155,-0.401698
7.43013,0.262998
7.27172,1.24208
-0.843102,-0.493875
7.35422,0.344921
7.18203,1.33
-0.763617,-0.587277
7.27718,0.427873
7.12201,1.38838
-0.710141,-0.650123
7.22527,0.483607
7.03162,1.47559
-0.629308,-0.745133
7.14663,0.567696
6.97112,1.53347
-0.575062,-0.808904
7.09371,0.624008
6.91043,1.59115
-0.520569,-0.872977
7.04041,0.680474
6.81901,1.67727
-0.438424,-0.969583
6.95976,0.765394
6.72715,1.76292
-0.355864,-1.06671
6.8783,0.850503
6.66565,1.81975
-0.300627,-1.1317
6.82354,0.907316
6.60396,1.87636
-0.245249,-1.19684
6.76851,0.964156
6.47996,1.98891
-0.134121,-1.32738
6.65806,1.0778
6.44884,2.01691
-0.10627,-1.36003
6.63042,1.10619
6.35517,2.10058
-0.0225652,-1.45796
4.97555,-2.95487
6.54755,1.19125
6.26109,2.18379
0.0613427,-1.55577
5.06409,-2.86649
6.46488,1.27614
0.117383,-1.62087
5.12316,-2.80756
6.40993,1.33261
0.173497,-1.68585
5.18227,-2.74858
6.35514,1.38899
0.285926,-1.81541
5.30064,-2.63046
6.24611,1.50146
5.97653,2.43075
0.394933,2.50135
0.314072,-1.84771
5.33026,-2.60088
6.21898,1.52952
5.88095,2.51223
0.39859,-1.94433
5.41922,-2.512
6.1379,1.61356
5.78503,2.5933
0.483219,-2.04055
5.50832,-2.42288
6.05732,1.69741
5.68877,2.67398
0.0961908,2.2012
5.59757,-2.3335
5.97725,1.78109
5.65661,2.70079
0.0628812,2.16751
0.596202,-2.16817
5.62736,-2.30365
5.95067,1.80896
5.56001,2.78105
-0.0372068,2.06605
0.681006,-2.2635
5.71692,-2.21393
5.87124,1.89262
5.49553,2.83446
-0.104075,1.9981
5.77682,-2.15401
5.81853,1.9485
-0.20461,1.89573
5.86703,-2.06397
5.73982,2.0326
-0.305442,1.79287
5.95774,-1.97379
5.66153,2.11715
-0.406584,1.68953
6.04901,-1.88347
5.58365,2.20228
-0.44037,1.65498
6.07956,-1.85334
5.55778,2.2308
-0.575875,1.51629
6.2025,-1.73272
5.45476,2.34564
5.01191,3.23505
-0.609806,1.48154
6.23338,-1.70257
5.42912,2.37456
4.91546,3.3155
-0.711568,1.37724
6.32623,-1.61232
5.35248,2.46184
4.81915,3.39612
-0.813285,1.27289
5.27624,2.54993
4.75504,3.44997
-0.881069,1.2033
5.22563,2.60912
-0.982698,1.09887
6.5753,-1.37321
5.15003,2.69862
-1.0504,1.0292
6.63787,-1.31374
5.09977,2.75871
-1.11805,0.959476
6.70051,-1.25435
5.04956,2.81908
-1.21937,0.854746
6.79453,-1.16532
4.97423,2.91005
-1.32047,0.7498
6.88854,-1.07629
4.89874,3.00142
-1.38378,0.679489
6.95118,-1.0169
4.84825,3.0625
-1.43214,0.608358
7.01376,-0.957451
4.7976,3.12369
4.11398,3.9886
-1.48035,0.500552
7.1075,-0.868134
4.72124,3.21561
-1.50371,0.391882
7.20104,-0.778604
4.64434,3.30765
-1.50756,0.319159
7.26326,-0.718779
-1.50325,0.246329
7.32173,-0.658558
3.79032,4.25414
-1.48351,0.137043
7.38399,-0.566219
4.46235,3.5225
3.69276,4.33324
-1.45017,0.0278801
7.42026,-0.472056
4.3831,3.61452
3.59221,4.39345
-1.40547,-0.0810307
7.43493,-0.376606
4.30348,3.70627
3.55764,4.40791
-1.38837,-0.117267
7.43568,-0.344584
4.27711,3.73673
3.45161,4.43633
-1.3314,-0.225751
2.49792,-4.34389
7.42722,-0.248093
4.1982,3.82822
3.34388,4.4447
-1.26698,-0.333883
7.40489,-0.151201
4.11833,3.92042
-1.22051,-0.40577
2.64768,-4.40183
7.3835,-0.0865052
4.06389,3.98233
-1.17161,-0.477496
2.70907,-4.4091
7.35765,-0.0217946
4.00825,4.04452
3.06018,4.39245
-1.06755,-0.620483
2.8335,-4.40198
7.2946,0.107495
3.89318,4.16932
3.02548,4.38008
-1.0404,-0.656136
2.86486,-4.39631
7.27681,0.139764
3.86366,4.20055
2.92245,4.33706
-0.956627,-0.762883
2.95931,-4.3714
7.21934,0.236391
3.77348,4.29418
2.82091,4.28649
-0.869794,-0.86933
3.05413,-4.33624
7.15657,0.332695
3.681,4.38376
2.75395,4.24929
-0.810445,-0.940138
3.11743,-4.30799
7.11226,0.396693
3.61772,4.42767
2.65445,4.18911
-0.719534,-1.04614
3.21236,-4.25952
7.04269,0.492355
3.52092,4.47
2.55569,4.12442
-0.626671,-1.1519
3.30716,-4.20483
6.96999,0.587597
3.42272,4.4885
2.52283,4.10193
-0.595345,-1.18711
3.33873,-4.18541
6.94517,0.619254
3.38984,4.49015
2.4242,4.03191
-0.500423,-1.29266
3.43336,-4.124
6.86918,0.713972
3.29117,4.48345
-0.404312,-1.39811
3.52792,-4.05846
6.79122,0.808337
3.19278,4.46169
-0.3397,-1.46839
3.59094,-4.01281
6.73832,0.871069
3.12738,4.44003
-0.242132,-1.57381
3.68547,-3.94179
6.65782,0.964918
3.02943,4.39834
-0.176732,-1.6441
3.74851,-3.89295
6.60348,1.02733
2.96418,4.36524
-0.111103,-1.71442
3.81158,-3.84306
6.54869,1.08963
2.89895,4.32848
1.93521,3.64293
-0.012316,-1.81996
6.46574,1.18288
2.80115,4.26752
0.0867788,-1.92561
4.00107,-3.68808
6.38205,1.27591
2.70342,4.2008
1.77791,3.50482
0.152965,-1.99612
6.3259,1.33782
2.63832,4.15372
1.71587,3.44859
0.219219,-2.06668
6.26952,1.39964
2.57327,4.10492
0.318684,-2.17267
6.18456,1.49223
2.47579,4.02904
0.418201,-2.27881
4.31836,-3.4165
6.09923,1.58467
2.37843,3.95065
1.47248,3.21854
4.38212,-3.36069
6.04218,1.64624
2.31354,3.89739
0.584107,-2.45607
4.47799,-3.27627
5.95643,1.73856
2.21621,3.81655
1.32388,3.07111
4.54208,-3.21957
5.89917,1.8001
1.26509,3.01149
4.6063,-3.16257
5.84187,1.86166
2.08636,3.70775
1.17749,2.92149
4.70291,-3.07658
5.75585,1.95405
1.98885,3.62588
1.0905,2.8309
4.79951,-2.99038
5.6698,2.04652
1.89119,3.54408
1.03279,2.77024
4.86386,-2.93286
5.61244,2.10823
0.975275,2.70938
4.9282,-2.87532
5.5551,2.17
0.889316,2.61781
5.02469,-2.78899
5.46913,2.26277
0.803659,2.52596
5.12117,-2.70265
5.38323,2.35571
5.21766,-2.61633
5.29744,2.44882
0.661373,2.37242
1.41094,-3.34541
5.282,-2.5588
5.2403,2.51099
0.604527,2.31095
1.47692,-3.41672
5.34634,-2.50126
0.547645,2.24951
1.54291,-3.48802
5.41065,-2.44369
0.46216,2.15749
1.64192,-3.59493
5.50704,-2.35725
5.0405,2.72936
0.376381,2.06575
5.6033,-2.27066
4.95487,2.82335
0.318988,2.00478
1.80716,-3.77292
5.66738,-2.21284
4.89776,2.88614
0.232536,1.91368
1.90647,-3.87955
5.76333,-2.12592
4.81204,2.98056
0.174636,1.85319
1.97278,-3.95055
5.82719,-2.06784
4.75485,3.04366
0.833832,2.69414
0.0873574,1.76288
2.07239,-4.05689
5.92277,-1.98051
4.66898,3.13853
0.0288709,1.70296
2.1389,-4.12765
5.98635,-1.92214
4.61167,3.20194
0.666232,2.56281
-0.0593282,1.61355
2.23885,-4.23356
6.08151,-1.83435
4.52561,3.29728
0.565443,2.48384
-0.118449,1.55425
2.3056,-4.30399
6.14479,-1.77565
4.46815,3.36101
0.498164,2.43111
-0.177831,1.49522
2.37328,-4.3623
6.20793,-1.71683
4.41064,3.42486
0.430821,2.3783
-0.267386,1.40717
2.47663,-4.423
6.30236,-1.62842
4.32425,3.52088
0.329704,2.29893
-0.357426,1.3196
2.58164,-4.45647
6.39653,-1.53989
4.23776,3.6171
0.228514,2.21933
-0.447855,1.23244
2.68788,-4.46735
4.15123,3.71342
0.127312,2.13942
-0.478073,1.20347
2.7235,-4.46664
6.5219,-1.42185
0.0935858,2.11271
-0.568917,1.11674
2.83087,-4.45326
6.6159,-1.33342
-0.00754188,2.03233
-0.660019,1.03028
2.93881,-4.42528
6.70995,-1.24515
-0.108549,1.95155
-0.720885,0.972786
3.01101,-4.39975
6.77271,-1.18642
-0.175796,1.89745
-0.781851,0.915393
3.08336,-4.36947
6.83554,-1.12779
-0.242951,1.84315
-0.904087,0.800931
-0.376934,1.73391
-0.934712,0.772386
3.26473,-4.27647
-0.410353,1.70646
-1.02676,0.68694
3.3738,-4.21101
-0.510396,1.62376
-1.08829,0.630152
3.4466,-4.16411
-0.576902,1.56833
-1.18087,0.545282
3.55591,-4.0896
7.24585,-0.749587
-0.67635,1.48473
-1.23196,0.48662
7.30923,-0.691771
-0.742399,1.42881
-1.28543,0.393288
7.38342,-0.603589
-0.840573,1.3454
-1.30769,0.328427
7.41749,-0.543754
3.23254,4.40177
-0.905545,1.2897
-1.32389,0.229166
7.449,-0.452691
3.137,4.38102
-1.00258,1.20473
-1.32484,0.162557
7.45869,-0.391222
3.07292,4.36061
-1.06696,1.1466
-1.31392,0.0628634
7.45881,-0.298034
2.97633,4.32164
-1.1629,1.05677
-1.29963,-0.00321301
7.45054,-0.235333
2.91166,4.29085
-1.22639,0.995111
-1.26939,-0.101593
4.28415,-3.51382
7.42749,-0.14053
2.81434,4.23858
-1.32082,0.900125
-1.24422,-0.166674
4.35671,-3.45177
7.40597,-0.0768828
2.74927,4.20022
-1.38323,0.835262
-1.18399,-0.295679
4.50163,-3.32624
7.35055,0.0513511
2.61873,4.11655
-1.48613,0.702516
-1.14973,-0.359681
4.57399,-3.26286
7.31757,0.115897
2.55329,4.07176
-1.51844,0.63512
-1.11311,-0.423452
7.28159,0.180711
2.48774,4.02532
-1.54006,0.567345
-1.07433,-0.48711
4.71848,-3.13504
7.24295,0.24577
2.4221,3.97743
-1.55234,0.499411
-1.01234,-0.582629
4.82665,-3.03838
7.18067,0.343682
-1.55575,0.397545
-0.968641,-0.646427
4.89864,-2.9736
7.13666,0.409093
2.258,3.85257
-1.5494,0.329788
-0.899889,-0.742319
5.00645,-2.87599
7.06747,0.507301
2.15982,3.7749
-1.52892,0.22844
-0.852128,-0.806328
7.01951,0.572782
2.09455,3.72224
-1.50889,0.161029
-0.777902,-0.902355
6.94524,0.670944
-1.47067,0.0600391
-0.700858,-0.998292
6.8686,0.768966
-1.42406,-0.0409116
-0.621238,-1.09407
6.78998,0.86679
-1.37045,-0.141913
-0.594157,-1.12596
6.76339,0.899345
1.77169,3.45164
-1.35123,-0.175601
-0.511907,-1.22088
5.54177,-2.38198
6.68264,0.996835
-1.29008,-0.276747
-0.45631,-1.28348
5.61265,-2.31555
6.62806,1.06167
1.61294,3.31356
-1.24679,-0.344241
-0.371822,-1.37641
5.71877,-2.21569
1.51867,3.23026
-1.1787,-0.445567
-0.286094,-1.4682
5.82465,-2.11559
-1.10752,-0.54699
-0.228334,-1.52882
5.89511,-2.04875
6.4052,1.31963
-1.05866,-0.614629
-0.170159,-1.58904
5.96546,-1.98185
6.34853,1.38379
1.30148,3.03507
-1.00888,-0.682256
-0.0822385,-1.67873
6.07081,-1.88142
6.2629,1.47982
-0.932768,-0.783634
0.0359648,-1.79735
6.21093,-1.74742
6.14765,1.60752
-0.829139,-0.918627
6.24591,-1.71391
6.11866,1.63939
1.05617,2.80979
-0.802917,-0.952336
0.15498,-1.91515
6.35069,-1.61339
6.03129,1.73488
-0.723627,-1.05336
0.214704,-1.97384
6.42043,-1.5464
5.9728,1.79835
0.903496,2.66734
-0.670308,-1.12062
6.49009,-1.47941
5.91414,1.86167
0.84246,2.60997
-0.616669,-1.18781
0.364413,-2.12014
6.5944,-1.37899
5.82587,1.95639
-0.535686,-1.28845
0.484393,-2.23697
6.73318,-1.24519
5.70767,2.0822
-0.426858,-1.4224
6.76781,-1.21176
5.67803,2.11357
0.598057,2.37805
-0.399516,-1.45584
6.83703,-1.14494
5.61866,2.17622
0.53682,2.31945
-0.344684,-1.52267
5.49959,2.30121
0.414102,2.2016
-0.234488,-1.65615
7.0441,-0.944609
5.43995,2.3636
0.352599,2.14253
-0.179168,-1.7228
7.11292,-0.877813
5.38027,2.42596
0.290986,2.08347
-0.123726,-1.7894
7.21593,-0.777536
5.29072,2.51947
0.198346,1.99505
-0.0403662,-1.88922
7.28446,-0.710608
5.23104,2.58183
0.136428,1.93631
0.0153204,-1.95571
7.34877,-0.643319
5.1714,2.64422
0.074377,1.8778
7.41674,-0.540391
-0.0189582,1.79055
7.45567,-0.435643
4.99279,2.8317
-0.112613,1.70402
0.238801,-2.22127
7.46795,-0.365055
4.93341,2.89434
-0.17523,1.6468
0.294827,-2.28756
7.46521,-0.222581
4.81493,3.01988
-0.300897,1.53353
0.407046,-2.42003
7.4596,-0.186758
4.78539,3.05131
-0.332403,1.50548
0.435133,-2.45312
7.44326,-0.114926
4.72639,3.11424
-0.39552,1.4497
7.40745,-0.00681833
4.63818,3.20876
-0.490451,1.36685
7.37703,0.0654205
4.57952,3.27182
-0.553914,1.3121
7.36011,0.101574
4.55024,3.30334
-0.585678,1.28484
8.44091,-0.119563
3.07882,5.34265
-2.44065,-0.164087
2.81258,-5.23983
8.0098,-0.294785
8.43509,-0.105038
3.06157,5.32453
2.8282,-5.22406
7.98341,-0.277164
8.4171,-0.0729373
3.02434,5.28542
-2.38838,-0.210652
2.86194,-5.19001
7.93188,-0.239938
8.39925,-0.0457371
2.993,5.25253
2.89031,-5.16139
7.89128,-0.208872
8.36465,0.00215349
2.93777,5.19461
2.94029,-5.111
7.82297,-0.15423
8.33697,0.0380265
2.89623,5.15108
2.97786,-5.07315
7.77333,-0.113112
8.28956,0.0966451
2.82795,5.07959
3.03957,-5.011
7.69381,-0.0454025
8.25452,0.138392
2.77902,5.02839
3.08378,-4.96651
7.63796,0.00324969
8.1976,0.204246
2.7013,4.94712
3.15396,-4.8959
7.55066,0.0807449
8.15713,0.249928
2.647,4.89037
-2.02926,-0.531991
3.20296,-4.84662
7.49046,0.135041
8.09316,0.320582
2.56242,4.80201
-1.94927,-0.6038
3.27927,-4.7699
7.39772,0.219878
8.02586,0.393262
2.47467,4.71038
-1.86644,-0.678236
3.35839,-4.69037
7.30257,0.308218
7.9794,0.442615
2.41473,4.64777
-1.8099,-0.729092
3.41243,-4.63599
7.23808,0.368747
7.93182,0.492566
2.35384,4.58415
-1.75243,-0.780809
3.46732,-4.58062
7.17296,0.430376
7.85861,0.568422
2.26107,4.48712
3.55095,-4.49587
7.07439,0.524548
7.80871,0.619501
2.19847,4.42154
3.60741,-4.43833
7.00828,0.588291
7.73245,0.69672
2.10372,4.3221
3.69289,-4.35059
6.90877,0.68507
7.68078,0.74852
2.04012,4.25522
3.7503,-4.29122
6.84233,0.750229
7.60218,0.82659
1.94427,4.1542
3.83686,-4.20091
6.74272,0.848709
7.52244,0.904985
1.8481,4.05254
3.92379,-4.10923
6.64348,0.947726
7.46874,0.957373
1.7839,3.9845
3.98188,-4.04739
6.57757,1.01398
7.41466,1.00983
1.71968,3.91629
-1.1452,-1.32934
4.04002,-3.985
6.51185,1.08043
7.3329,1.0886
1.62341,3.81376
-1.05092,-1.41485
4.12726,-3.89044
6.41367,1.1804
7.27801,1.14115
1.55932,3.7453
-0.987776,-1.47216
4.1854,-3.82678
6.34853,1.24718
7.19519,1.22001
1.46337,3.64253
-0.892684,-1.55856
4.27225,-3.73075
6.25131,1.34749
7.1397,1.2726
-0.829103,-1.61639
4.32995,-3.66655
6.18676,1.4145
7.05608,1.35156
4.41637,-3.57013
6.09016,1.51533
7.00011,1.40427
1.24032,3.40225
-0.669807,-1.7616
4.47399,-3.50586
6.02586,1.58279
6.91585,1.48348
1.145,3.299
-0.574257,-1.84897
4.5606,-3.40961
5.92947,1.6844
6.85947,1.53642
1.08152,3.23007
-0.510619,-1.90728
4.61851,-3.3456
5.8653,1.75235
6.77463,1.61605
0.986407,3.12652
-0.415259,-1.99485
4.70574,-3.24991
5.76925,1.85446
6.71788,1.66929
0.923048,3.05737
-0.351758,-2.05331
4.76418,-3.18639
6.63252,1.74942
0.828079,2.95349
-0.256649,-2.14107
4.85234,-3.09156
5.60966,2.02511
6.57546,1.80302
0.764803,2.88411
4.91148,-3.02869
5.54599,2.09351
6.48965,1.88373
0.669935,2.77989
5.00079,-2.93494
5.45063,2.19627
6.4323,1.93773
0.606713,2.71029
5.06074,-2.87283
5.38715,2.26486
6.34608,2.01907
0.511903,2.60572
5.15132,-2.78031
5.29207,2.36787
6.28845,2.0735
0.448682,2.53591
0.121382,-2.49247
5.21211,-2.71903
5.22878,2.43663
6.20174,2.15542
0.353736,2.4311
0.215356,-2.58023
5.3038,-2.62761
0.290314,2.36118
0.277993,-2.63866
5.3652,-2.56694
6.05638,2.29251
0.194922,2.25628
0.372009,-2.72619
5.45764,-2.47627
4.97698,2.71293
5.99791,2.34749
0.131118,2.18635
0.434766,-2.78444
5.51944,-2.41601
4.91446,2.7824
5.90985,2.43009
0.0350476,2.08148
0.529078,-2.87164
5.61235,-2.32584
4.82106,2.88693
5.85091,2.48521
-0.0292695,2.01161
0.592098,-2.92964
5.6744,-2.26583
4.75905,2.95685
5.76211,2.56795
-0.126188,1.90687
0.68689,-3.01643
5.76759,-2.17594
5.70267,2.62313
-0.191115,1.83709
0.750279,-3.07415
5.82977,-2.11606
4.60501,3.13252
5.61313,2.70593
-0.289004,1.73254
0.845682,-3.16048
5.92309,-2.02631
5.55319,2.76113
-0.354609,1.66291
0.909512,-3.21788
5.98532,-1.96648
4.4524,3.30943
5.4629,2.84393
-0.453553,1.55859
1.00562,-3.30373
6.07865,-1.87674
4.36153,3.41618
5.40247,2.89912
-0.519878,1.48913
1.06994,-3.3608
6.14087,-1.81691
4.30124,3.48759
5.31153,2.98187
-0.619863,1.3851
1.16674,-3.44617
6.2342,-1.72717
4.21116,3.595
5.25077,3.03702
-0.686818,1.31585
1.23145,-3.50296
4.15131,3.66678
5.15951,3.11974
-0.787651,1.21217
1.32876,-3.58798
4.06175,3.77462
5.06814,3.20245
-0.888913,1.10874
1.4263,-3.67284
6.48354,-1.48832
3.97238,3.88263
5.00721,3.25761
-0.956637,1.03992
1.49143,-3.72932
6.54602,-1.42877
3.91287,3.95469
4.94627,3.31277
-1.02452,0.971221
1.55664,-3.78575
6.60858,-1.3693
3.85339,4.02677
4.85486,3.39557
-1.1266,0.868392
1.65455,-3.87031
6.70258,-1.28024
4.79394,3.4508
-1.19483,0.799989
1.7199,-3.92662
6.76534,-1.22099
3.70465,4.20695
4.7026,3.53372
-1.29738,0.697607
1.81799,-4.01102
6.85965,-1.13227
3.61485,4.31094
4.64171,3.5889
-1.3539,0.628656
1.88343,-4.06724
6.92262,-1.07323
3.55326,4.36394
4.55172,3.67188
-1.41235,0.523753
1.98165,-4.15151
7.01722,-0.984827
3.45724,4.41872
4.46425,3.75498
-1.44401,0.417619
2.07993,-4.23571
7.11198,-0.896589
3.35666,4.44836
4.4069,3.81056
-1.45252,0.346401
2.14548,-4.29174
7.17519,-0.837804
3.28776,4.45612
4.3498,3.86633
-1.45232,0.274922
2.21103,-4.34765
7.23837,-0.778992
3.218,4.45545
4.26385,3.95025
-1.4379,0.167375
2.30957,-4.42108
7.33301,-0.690622
4.20602,4.00626
-1.42013,0.0955407
2.3755,-4.45426
7.3854,-0.630924
3.04238,4.42284
4.11826,4.09022
-1.38311,-0.0123106
2.4745,-4.48391
7.44042,-0.539864
4.05902,4.14609
-1.35246,-0.0842319
2.54048,-4.49199
7.46349,-0.47835
2.86724,4.35556
3.96909,4.22963
-1.29889,-0.192089
2.63927,-4.48916
7.48077,-0.385143
2.7627,4.30241
3.90845,4.28511
-1.2588,-0.263956
2.70496,-4.47859
7.48226,-0.322506
2.69321,4.26261
3.8165,4.36794
-1.1931,-0.371675
2.80316,-4.45159
7.47173,-0.227965
2.58925,4.19729
3.72339,4.44065
-1.12173,-0.479283
2.90093,-4.4131
7.44814,-0.132874
3.66076,4.47414
-1.07149,-0.550955
2.96584,-4.38197
7.42623,-0.0692368
3.5978,4.49727
-1.01939,-0.622576
3.03053,-4.34701
7.40004,-0.00543791
3.50296,4.51516
-0.938249,-0.729908
3.12717,-4.28826
7.35375,0.0905072
2.24421,3.94253
3.43957,4.51741
-0.882418,-0.801381
3.19136,-4.24553
7.31888,0.154576
2.17534,3.88643
3.34446,4.50853
-0.796461,-0.908436
3.28742,-4.17703
7.26153,0.250738
2.07211,3.79996
3.28109,4.49556
-0.737879,-0.979691
3.35134,-4.12891
7.22041,0.31484
3.18614,4.46713
-0.648378,-1.08638
3.44712,-4.05375
7.15513,0.410926
3.1229,4.44297
-0.587769,-1.15738
3.51094,-4.00201
7.10956,0.474909
3.02811,4.4001
-0.495656,-1.26366
3.6067,-3.92246
7.03865,0.570736
1.72963,3.49777
2.96494,4.36767
-0.433553,-1.33438
3.67058,-3.86839
6.98992,0.634505
1.66169,3.43569
2.87023,4.31411
-0.339514,-1.44024
3.76651,-3.7861
6.91503,0.729965
2.77556,4.25553
-0.244572,-1.54585
3.86263,-3.70275
6.83835,0.825172
-0.180852,-1.61611
3.92684,-3.64678
6.78643,0.888495
1.39246,3.1847
2.64939,4.17101
-0.116836,-1.68626
3.99116,-3.59058
6.73396,0.951696
2.55482,4.10369
-0.0203345,-1.79128
4.08788,-3.50605
6.65442,1.04627
1.22632,3.02676
2.49181,4.05725
0.0442596,-1.86117
4.1525,-3.44961
6.60091,1.10917
1.16027,2.9635
2.39736,3.98556
0.141419,-1.96588
4.24956,-3.3649
6.51999,1.20336
0.206308,-2.03563
6.46564,1.26607
0.995663,2.80512
6.38356,1.36006
0.896986,2.70989
0.368686,-2.20989
6.32849,1.42268
0.831147,2.64631
0.466075,-2.31444
4.57292,-3.08319
6.24542,1.51659
0.732216,2.5508
4.6374,-3.0271
6.18973,1.57919
0.666103,2.48702
0.628091,-2.48877
4.73392,-2.94319
6.10577,1.67313
0.566631,2.39119
4.79811,-2.88741
6.04954,1.73577
0.500083,2.3272
4.89414,-2.804
5.9648,1.8298
0.399862,2.23105
4.98984,-2.72092
5.87962,1.92392
0.299118,2.13471
5.05344,-2.66573
5.82261,1.98671
0.231641,2.07038
5.11688,-2.6107
0.163935,2.00599
5.21181,-2.52837
5.67934,2.14393
0.0622176,1.90952
5.275,-2.47359
5.6218,2.2069
-0.00567688,1.8453
5.3697,-2.3915
5.5353,2.30146
-0.107629,1.74908
5.43281,-2.33681
5.47753,2.36456
-0.175665,1.68501
5.52751,-2.25475
5.39074,2.4593
-0.277809,1.589
5.59068,-2.20001
5.33281,2.52253
-0.34596,1.52505
5.68553,-2.11782
5.24584,2.61746
-0.448265,1.42921
5.15879,2.7125
-0.550656,1.33346
5.84397,-1.98052
5.10073,2.77593
-0.618961,1.26967
5.90749,-1.92545
5.04264,2.8394
-0.6873,1.20593
6.00295,-1.84267
4.95549,2.9347
-0.789871,1.11037
6.06671,-1.78734
4.89737,2.99829
-0.858291,1.04671
6.16252,-1.70412
4.81016,3.09375
-0.960977,0.951274
6.25843,-1.62054
-1.06372,0.855905
4.66457,3.25294
-1.13225,0.792357
2.34131,-4.322
4.57708,3.3484
-1.23508,0.69708
2.40937,-4.37021
6.48225,-1.4238
4.51869,3.41197
-1.29971,0.633162
2.47858,-4.40469
6.54611,-1.36708
-1.34952,0.567649
2.58413,-4.43408
6.64179,-1.28154
-1.40034,0.466594
2.69136,-4.44072
6.7373,-1.1954
-1.42698,0.362417
2.7636,-4.43444
-1.43332,0.291535
2.87285,-4.41139
6.89602,-1.05048
-1.42825,0.183681
-0.239019,1.64693
2.94619,-4.38814
6.95933,-0.992014
4.07838,3.88656
-1.41646,0.111087
-0.300388,1.59167
3.01988,-4.35943
7.02252,-0.933266
4.01928,3.94948
-1.39888,0.0381448
-0.392318,1.50851
3.13095,-4.30749
7.11699,-0.84473
3.93045,4.04368
-1.3631,-0.0716539
-0.45352,1.45285
3.20525,-4.26778
7.17975,-0.78548
3.8711,4.10636
-1.33382,-0.144959
-0.545207,1.36904
3.31689,-4.20182
7.27364,-0.696324
3.78191,4.20021
-1.28292,-0.254888
-0.636764,1.28485
3.4286,-4.12945
7.35651,-0.60604
3.6925,4.29387
-1.22485,-0.364635
-0.697737,1.22853
3.50304,-4.07824
7.39512,-0.544491
3.63195,4.34558
-1.18274,-0.437644
-0.758663,1.17207
3.5774,-4.02501
7.42225,-0.482101
-1.13823,-0.5105
-0.849971,1.08716
3.68874,-3.94198
7.44427,-0.387305
-1.06755,-0.619461
-0.910794,1.03041
3.76279,-3.88483
7.4482,-0.323501
-1.01812,-0.691869
-1.00196,0.945094
3.87358,-3.79693
7.44041,-0.227167
3.31733,4.43876
-0.941001,-0.80011
-1.09306,0.859585
3.98398,-3.70687
7.4187,-0.13036
3.22079,4.42721
-0.860765,-0.907889
-1.15376,0.802482
4.05735,-3.64586
7.39767,-0.0656848
3.15618,4.41217
-0.80577,-0.97948
-1.21444,0.745308
4.13051,-3.5842
7.37211,-0.000972803
3.09143,4.39204
-0.749706,-1.05086
-1.30186,0.659131
7.32639,0.0960588
2.99417,4.35358
-0.663823,-1.15753
-1.3629,0.570735
4.3488,-3.39628
7.27319,0.192973
2.89685,4.30671
-0.576067,-1.26373
-1.38942,0.510737
4.42119,-3.33287
7.23423,0.257509
2.83199,4.27152
-0.516662,-1.33427
-1.41122,0.419555
4.52949,-3.23721
7.17138,0.354205
2.73477,4.21374
-0.426383,-1.43971
-1.41539,0.358171
4.60151,-3.17312
7.12697,0.4186
2.67002,4.17234
-0.365502,-1.50977
-1.41241,0.296443
4.6734,-3.10883
7.08083,0.482946
2.60534,4.12896
-0.304125,-1.57964
-1.39633,0.2034
4.78101,-3.01208
7.00884,0.579385
2.50846,4.0607
-0.211227,-1.68412
-1.37892,0.141172
4.85262,-2.94741
6.95927,0.643632
2.44398,4.01335
-1.34431,0.0476646
6.88294,0.739953
-1.31634,-0.0147247
6.83093,0.804144
2.28315,3.88976
-1.26815,-0.1083
5.13814,-2.68786
6.75152,0.900411
-1.23244,-0.170639
5.20932,-2.62284
6.69779,0.964587
2.12286,3.76037
-1.17429,-0.264024
5.31597,-2.52528
6.61623,1.06086
-1.1329,-0.326175
5.38698,-2.46022
6.5613,1.12506
-1.0675,-0.419219
5.4934,-2.36259
6.47818,1.22134
-1.02202,-0.481115
5.56428,-2.29746
6.42233,1.2855
-0.951468,-0.57375
5.67053,-2.19965
6.33796,1.38168
-0.903112,-0.635364
5.74131,-2.13437
6.28135,1.44574
1.64483,3.35121
-0.828947,-0.727567
6.19593,1.54173
-0.753177,-0.81951
5.95348,-1.93805
6.10996,1.63757
-0.70194,-0.880662
6.02416,-1.87243
6.05236,1.70138
-0.62421,-0.972182
6.13012,-1.77382
5.96556,1.79694
-0.571913,-1.03306
6.20075,-1.70796
5.90744,1.86056
-0.519306,-1.09383
6.27135,-1.64199
5.84914,1.9241
1.16894,2.92701
-0.439934,-1.18478
5.76135,2.01924
-0.360142,-1.27552
6.48308,-1.44342
-0.306754,-1.3359
6.55363,-1.37702
0.915334,2.69847
-0.226402,-1.42636
6.65943,-1.27724
-0.172663,-1.48662
6.72996,-1.21062
0.757006,2.55543
-0.118794,-1.54685
6.80047,-1.14392
0.693766,2.49824
1.6402,-3.59824
-0.0377549,-1.63719
6.90621,-1.04376
0.599034,2.41252
1.73967,-3.69702
0.0164206,-1.69742
6.9767,-0.976906
0.535976,2.35542
1.80591,-3.76294
0.0978989,-1.78779
7.08236,-0.876564
5.1709,2.64871
0.441553,2.2699
1.90514,-3.86197
0.152356,-1.84807
7.15277,-0.809632
5.1117,2.71141
0.378722,2.21296
1.97118,-3.9281
0.234242,-1.93856
7.25834,-0.709181
5.02295,2.80543
0.284664,2.12769
2.07003,-4.02749
0.288962,-1.99894
7.32457,-0.641844
4.96383,2.86807
0.222092,2.07094
2.13579,-4.0939
0.371229,-2.0896
7.39541,-0.538589
4.87525,2.96199
0.128442,1.98597
2.23418,-4.19376
7.42621,-0.468586
0.0661527,1.92943
2.29959,-4.26051
0.508849,-2.24098
7.45151,-0.362291
4.7279,3.11843
-0.0270557,1.84479
2.39839,-4.34919
0.564151,-2.30163
7.45633,-0.290789
4.66906,3.18096
-0.0890378,1.78845
2.46553,-4.39051
7.44828,-0.182884
4.58088,3.27471
-0.181764,1.70404
2.56785,-4.42988
7.43408,-0.110654
4.52214,3.33718
-0.243412,1.64781
2.63705,-4.44309
7.40158,-0.00205789
-0.335619,1.5635
2.7421,-4.44631
7.35769,0.106665
-0.427501,1.47921
2.84831,-4.43257
7.32306,0.179142
-0.488571,1.42301
2.91959,-4.41541
7.28472,0.251577
4.2287,3.64896
-0.549492,1.3668
2.99114,-4.39271
7.2212,0.360094
4.14072,3.74231
-0.640589,1.28245
3.09882,-4.34964
7.17539,0.432319
4.08209,3.8045
-0.701129,1.22619
3.17078,-4.31572
7.10225,0.540446
3.99414,3.89773
-0.791652,1.14175
3.27891,-4.25819
7.05095,0.612375
3.93553,3.95985
-0.851809,1.08542
1.36421,-3.14958
6.97076,0.720022
3.84764,4.05298
-0.94176,1.00087
3.45953,-4.14781
1.42329,-3.20892
6.91543,0.791625
3.78909,4.11506
-1.00156,0.944442
3.53187,-4.09951
1.51207,-3.29775
6.83005,0.898807
3.70134,4.20824
-1.09112,0.859656
3.64033,-4.02345
1.57125,-3.35698
6.77175,0.970129
3.64293,4.27044
-1.15078,0.803007
1.65987,-3.44598
6.68253,1.07693
3.55333,4.34236
-1.24027,0.717806
1.74813,-3.53533
6.59154,1.18355
3.46132,4.38655
-1.32616,0.631993
1.80669,-3.59518
6.53007,1.25452
3.39892,4.40301
-1.36844,0.573392
3.99988,-3.74652
1.86497,-3.6553
6.46805,1.32544
3.33584,4.41051
-1.39861,0.513726
4.07122,-3.68795
1.9518,-3.74605
3.24022,4.40726
-1.42427,0.42257
4.1778,-3.59864
2.00923,-3.80698
6.31104,1.50252
3.17596,4.39675
-1.43013,0.360881
4.24855,-3.53825
2.09463,-3.89907
6.2157,1.60866
3.07905,4.37043
-1.42473,0.267224
4.35419,-3.44659
2.15101,-3.96096
6.15173,1.6794
3.0142,4.34682
-1.41298,0.204153
4.42429,-3.38485
2.23461,-4.05447
6.05521,1.78547
2.91673,4.30377
-1.3851,0.108756
2.31691,-4.14874
5.95808,1.89149
2.81916,4.25299
-1.34684,0.0125575
4.63276,-3.19739
2.3711,-4.21204
5.89301,1.96214
2.75411,4.21551
-1.31643,-0.0519545
4.7017,-3.13428
2.42526,-4.27202
2.68909,4.17554
-1.28263,-0.116734
4.77039,-3.07092
2.50877,-4.33705
2.59164,4.11155
-1.22638,-0.214352
4.87305,-2.97545
5.63035,2.24449
2.49433,4.04348
-1.16444,-0.312454
4.97529,-2.87955
5.56414,2.31501
2.42955,3.99618
-1.12045,-0.378101
5.04325,-2.8154
5.49773,2.38549
2.36484,3.94757
-1.07459,-0.443933
5.11107,-2.75109
2.79925,-4.39566
5.39776,2.49116
2.26792,3.87253
-1.00271,-0.543014
5.21257,-2.6544
2.85861,-4.38639
5.33088,2.56158
2.2034,3.82128
-0.952994,-0.609284
5.28009,-2.58979
2.94801,-4.36321
5.23034,2.66705
-0.876107,-0.709007
5.3812,-2.49268
3.00777,-4.34249
5.16318,2.73724
2.04244,3.68973
-0.823487,-0.775699
5.44849,-2.42783
3.09752,-4.30482
5.06227,2.84237
1.94608,3.60889
-0.742783,-0.876051
5.5493,-2.33042
3.15738,-4.27598
4.99489,2.91235
1.88192,3.55437
-0.688155,-0.942885
5.61642,-2.26539
3.24716,-4.22798
1.78577,3.47182
-0.605528,-1.04257
5.71701,-2.16775
3.30706,-4.19314
4.82617,3.08705
1.72167,3.41637
-0.55003,-1.10869
5.78404,-2.10262
3.397,-4.13712
1.62544,3.33273
-0.466224,-1.20738
5.88457,-2.00493
3.45707,-4.0975
4.65741,3.2617
1.56119,3.27672
-0.410011,-1.27289
5.95161,-1.93982
3.54736,-4.03501
4.5563,3.36656
-0.325227,-1.37075
6.05223,-1.8422
3.60771,-3.99148
1.40008,3.13618
-0.268417,-1.43574
6.11936,-1.77719
1.30298,3.05165
-0.182807,-1.53288
6.22016,-1.67976
-0.125488,-1.59742
6.28744,-1.6149
-0.0391683,-1.69392
6.3885,-1.51774
3.91188,-3.75501
4.15514,3.78629
1.0749,2.85438
0.0185909,-1.75807
6.45596,-1.45307
0.105528,-1.85402
6.5573,-1.35625
4.09677,-3.60052
0.192798,-1.94967
6.65881,-1.25967
4.15885,-3.54727
0.812185,2.63036
0.251146,-2.01329
6.72655,-1.19544
4.2211,-3.49334
0.309598,-2.0768
6.79434,-1.13132
3.72889,4.24082
0.647462,2.49097
0.397419,-2.17194
6.89606,-1.03538
3.66374,4.31068
0.581655,2.43512
0.456033,-2.23531
6.96388,-0.971577
3.56415,4.39165
0.483157,2.35109
7.0656,-0.876097
3.49648,4.42812
0.417687,2.29486
7.13337,-0.812595
3.39344,4.46058
0.319885,2.21013
7.23496,-0.717565
4.72183,-3.05121
3.28894,4.47041
0.222683,2.12493
7.33244,-0.622466
4.78444,-2.99581
3.21864,4.46634
0.158271,2.06784
7.381,-0.55789
4.84701,-2.94057
3.14791,4.45492
0.0942009,2.01051
7.41624,-0.492437
3.04116,4.42589
-0.00121144,1.92405
7.44747,-0.392963
5.00317,-2.80354
2.96961,4.39967
-0.0643308,1.8661
1.04189,-2.86916
7.45581,-0.325971
5.09665,-2.72229
2.8618,4.35164
-0.158241,1.7787
1.12922,-2.96434
7.45243,-0.224763
5.18999,-2.64163
2.75354,4.29472
-0.251287,1.69081
1.21626,-3.05941
7.43285,-0.122956
5.25214,-2.58804
2.68119,4.25258
-0.312914,1.63203
1.27418,-3.12276
7.41218,-0.0548432
5.31425,-2.53448
2.60875,4.20751
-0.374268,1.57314
1.33206,-3.18608
7.38627,0.0134161
5.40733,-2.45407
2.49997,4.13513
-0.465865,1.4847
1.41885,-3.28104
7.33887,0.11602
5.50031,-2.37339
2.39113,4.05784
-0.557039,1.39623
1.50569,-3.37599
7.28282,0.218838
5.56225,-2.31937
2.31856,4.00398
-0.617632,1.33728
1.56364,-3.43929
7.24138,0.28749
5.62415,-2.26514
2.246,3.94848
-0.678101,1.27839
1.62166,-3.5026
7.19714,0.356228
5.71694,-2.18331
2.13719,3.86256
-0.768617,1.1902
1.70885,-3.59759
7.12623,0.459504
5.77876,-2.1284
2.06469,3.8037
-0.828862,1.13152
7.07634,0.528477
5.87143,-2.04546
1.956,3.71338
-0.919119,1.04374
6.99818,0.632137
5.93318,-1.98976
1.88359,3.65198
-0.979236,0.985394
1.91321,-3.81939
6.94415,0.701391
6.02575,-1.90557
-1.06936,0.898149
2.00116,-3.91442
6.86069,0.805513
6.08743,-1.84901
-1.12941,0.840182
2.05985,-3.97771
6.80364,0.8751
6.17965,-1.76375
1.59435,3.39876
-1.21949,0.753502
6.71627,0.979728
1.52217,3.33398
-1.27956,0.695877
6.65698,1.04964
6.33251,-1.62073
1.41417,3.23616
-1.35895,0.608835
6.56667,1.15474
6.42373,-1.53441
1.30659,3.13786
-1.40931,0.519862
6.47495,1.2601
6.48436,-1.47665
1.23504,3.07216
-1.4293,0.459664
6.41327,1.33032
6.57501,-1.38974
1.12785,2.97344
-1.44204,0.368288
6.32037,1.43529
6.63526,-1.33162
1.05646,2.90755
-1.4406,0.306808
6.25821,1.50508
6.69533,-1.27338
0.985112,2.84162
-1.43231,0.245006
6.19589,1.57473
6.78511,-1.18586
0.878192,2.74261
-1.40877,0.151921
2.7603,-4.43912
6.10218,1.67899
6.84473,-1.12741
0.80699,2.67652
-1.38671,0.089739
2.82519,-4.43017
6.03957,1.74837
6.93379,-1.03964
0.700328,2.57724
-1.34557,-0.0035507
2.92312,-4.40624
5.94549,1.85229
7.02242,-0.951783
0.59385,2.47776
-1.2963,-0.0967179
3.02157,-4.37163
5.85124,1.95606
7.08126,-0.893217
0.522988,2.4113
-1.25963,-0.158758
3.08736,-4.34353
5.78832,2.02517
7.13993,-0.834704
0.452243,2.34472
-1.22027,-0.220781
3.15317,-4.31192
5.72535,2.09422
7.22761,-0.747118
0.346371,2.2446
-1.15683,-0.313864
3.25179,-4.25876
5.63077,2.1977
7.28587,-0.6889
0.275965,2.17766
-1.11195,-0.376004
3.31738,-4.21997
5.56766,2.26663
7.35259,-0.600328
0.170631,2.07697
-1.04126,-0.469425
3.41541,-4.15746
5.47289,2.36993
7.38189,-0.54045
0.100597,2.00964
-0.992149,-0.531894
3.48047,-4.11326
5.40965,2.43874
7.40653,-0.449811
-0.00417,1.90836
-0.915888,-0.625954
3.57754,-4.04368
5.3147,2.54187
7.41181,-0.38903
-0.0738256,1.84064
-0.863505,-0.688939
3.64187,-3.99538
5.25134,2.61057
7.40556,-0.297592
-0.178028,1.73878
-0.782893,-0.783892
3.73776,-3.92045
5.15622,2.71354
7.38486,-0.206086
-0.28189,1.6366
-0.700116,-0.879483
5.061,2.81643
7.36425,-0.145158
-0.350936,1.56831
-0.643862,-0.943595
3.89581,-3.79
4.99747,2.88497
7.33891,-0.084355
-0.419825,1.49991
-0.586831,-1.00803
3.95839,-3.73616
4.9339,2.95348
7.29324,0.00654685
-0.522872,1.39712
-0.500612,-1.10462
4.05159,-3.65391
4.83847,3.05617
7.25841,0.0669797
-0.591415,1.3285
-0.442929,-1.16883
4.11337,-3.59818
7.20067,0.157472
-0.694064,1.22553
-0.356212,-1.26497
4.20572,-3.51344
4.67934,3.22723
7.15907,0.217747
-0.762424,1.15688
-0.298328,-1.329
4.26716,-3.45625
4.61568,3.29566
7.09278,0.308157
-0.864912,1.05399
-0.211473,-1.42501
4.35929,-3.36956
7.0464,0.368472
-0.933237,0.985477
-0.15359,-1.48904
4.42076,-3.31124
6.97413,0.459072
-1.03577,0.882895
-0.06685,-1.58516
6.92444,0.519591
-1.1042,0.814665
-0.00910869,-1.64931
4.57491,-3.16381
6.84807,0.610604
-1.20699,0.712617
0.0773355,-1.7457
4.6679,-3.07441
6.79613,0.671464
-1.27565,0.644821
0.134834,-1.81007
4.73008,-3.01454
4.13913,3.80965
6.717,0.763072
-1.35469,0.54121
0.220855,-1.90683
4.82334,-2.92473
4.04407,3.91268
6.63673,0.855109
-1.40254,0.435275
0.306578,-2.00386
4.91665,-2.83496
3.94909,4.01579
6.58272,0.916725
-1.41978,0.36371
0.36355,-2.0687
4.97891,-2.77517
3.8858,4.08456
6.5284,0.978538
-1.42689,0.291591
0.420407,-2.13364
5.04123,-2.71544
-1.42116,0.18268
0.505575,-2.23116
3.72741,4.25631
-1.4079,0.109751
0.562333,-2.29618
6.30951,1.22721
-1.37605,9.26156e-05
5.29126,-2.47733
6.22725,1.32086
-1.33207,-0.109678
0.732865,-2.49104
5.38541,-2.38844
6.17248,1.38336
-1.29706,-0.182833
5.44831,-2.32932
6.11784,1.44591
-1.25813,-0.25592
5.51132,-2.27032
6.03616,1.5398
-1.1934,-0.365355
5.95486,1.63374
-1.12227,-0.474484
3.11626,4.42301
-1.07186,-0.54704
3.0448,4.40111
5.84711,1.75904
-1.01939,-0.619422
2.97288,4.37421
5.7668,1.85302
-0.93738,-0.727656
2.86421,4.32566
5.71349,1.91566
-0.88082,-0.799579
2.79129,4.28854
5.63379,2.00961
-0.793606,-0.90713
2.68142,4.2268
5.58075,2.07223
-0.734107,-0.978624
6.14555,-1.68945
2.60799,4.18217
5.50124,2.16615
-0.643157,-1.08558
6.24105,-1.60369
2.49774,4.1108
5.44822,2.22876
-0.581557,-1.1567
6.30482,-1.54654
2.42427,4.06069
5.36858,2.32267
-0.48795,-1.26315
6.40066,-1.46079
2.31421,3.98232
5.31539,2.38528
-0.424864,-1.33396
6.46469,-1.40355
2.241,3.92822
5.2354,2.47917
-0.329394,-1.43997
6.56095,-1.31754
5.15513,2.57306
-0.233096,-1.54576
6.65746,-1.23129
5.10143,2.63566
-0.168526,-1.61617
6.72181,-1.17376
5.02057,2.72954
-0.0712235,-1.72163
6.8183,-1.08742
-0.00611318,-1.79184
6.8826,-1.02983
0.0591519,-1.86198
6.94686,-0.9722
0.157299,-1.96707
7.04317,-0.885661
7.13934,-0.798961
7.20334,-0.741045
4.63805,3.16792
7.26725,-0.683022
1.34714,3.18382
4.55509,3.26208
7.35209,-0.594823
4.49968,3.32485
2.60102,-4.38883
7.39186,-0.534518
2.69477,-4.39617
7.43007,-0.442362
2.75802,-4.39148
7.44313,-0.380058
0.998983,2.87215
4.2777,3.57564
2.85355,-4.37226
7.44682,-0.285666
0.894811,2.77834
4.22214,3.63828
2.91743,-4.35247
7.44006,-0.222287
4.13876,3.73221
3.01324,-4.31397
7.4181,-0.126776
4.08315,3.7948
3.07699,-4.28326
7.39657,-0.0629169
0.651796,2.5594
3.9997,3.88867
3.17229,-4.23086
7.35544,0.0330207
3.94404,3.95122
3.23561,-4.19228
7.32296,0.0970733
3.86048,4.04498
3.33032,-4.1298
7.2679,0.193322
3.80471,4.10744
3.3933,-4.08549
7.22758,0.25762
3.72096,4.20104
3.48761,-4.01564
7.1626,0.354297
3.66505,4.26337
1.54226,-3.4326
3.55041,-3.96713
7.11674,0.41892
0.131815,2.08938
3.57902,4.33612
3.64456,-3.89191
7.04478,0.516144
0.0284199,1.99472
1.71023,-3.6078
3.70731,-3.84034
6.99505,0.581171
-0.0403395,1.93142
3.80149,-3.76119
6.91827,0.67905
-0.143198,1.83618
3.86433,-3.70738
6.8659,0.744544
-0.21157,1.77246
3.27692,4.40805
1.97869,-3.88874
3.9587,-3.62535
6.78592,0.843174
-0.313811,1.67655
2.04564,-3.95913
4.02171,-3.5699
6.73182,0.909201
-0.38175,1.61238
4.11641,-3.48577
6.64977,1.00867
-0.483315,1.51575
3.02665,4.34094
2.24595,-4.17082
6.56705,1.10828
-0.584467,1.4187
2.96357,4.31279
2.3125,-4.2416
4.27471,-3.34358
6.51171,1.17452
-0.651671,1.35378
2.90036,4.28111
2.37931,-4.30833
4.33816,-3.28622
6.45621,1.24063
-0.718683,1.28872
2.80538,4.22781
2.48192,-4.37985
4.43347,-3.19981
6.37264,1.33954
-0.818834,1.19086
2.74198,4.18894
2.55156,-4.41106
4.49708,-3.14203
6.31672,1.40529
-0.885351,1.12548
2.64679,4.12634
2.65734,-4.43697
4.5926,-3.05521
6.2325,1.50364
-0.984744,1.02721
2.55154,4.05935
2.76422,-4.44167
6.14788,1.60163
-1.08368,0.928752
2.48801,4.0126
2.83586,-4.43485
6.09123,1.66677
-1.14937,0.863016
2.42446,3.96439
2.9077,-4.42117
6.03441,1.73175
-1.21486,0.797216
2.32911,3.88968
3.01564,-4.38955
5.94883,1.82891
-1.31272,0.698412
2.26553,3.83846
3.08763,-4.36207
5.89156,1.89348
-1.36623,0.631754
3.19555,-4.31276
5.80536,1.98996
-1.42078,0.530245
2.1065,3.70635
3.2674,-4.27523
5.74773,2.05403
-1.44229,0.461804
2.01109,3.6249
-1.45576,0.358286
5.57419,2.24533
-1.45017,0.254008
1.85308,3.4876
3.55378,-4.09628
5.51616,2.30892
-1.43754,0.184187
1.79017,3.43234
3.62511,-4.04587
5.45805,2.37247
-1.41879,0.114194
1.69602,3.34922
3.73192,-3.96701
5.37077,2.46777
-1.38078,0.00898381
1.63335,3.29368
3.803,-3.91255
5.31251,2.53132
-1.3498,-0.0612495
1.53945,3.21028
3.90945,-3.82844
5.70862,-2.05086
5.22501,2.62671
-1.2962,-0.16667
1.47689,3.15463
3.98031,-3.77098
5.77138,-1.99467
5.16667,2.69033
-1.25642,-0.23697
1.38305,3.07115
4.08645,-3.68301
5.07917,2.78577
-1.19164,-0.342416
1.32048,3.01551
4.15713,-3.62334
5.92725,-1.85487
5.02086,2.84941
-1.14556,-0.412698
6.02002,-1.77144
4.93345,2.94493
-1.07283,-0.518089
1.16392,2.87656
6.08154,-1.71599
4.87521,3.00865
-1.02229,-0.588326
1.06987,2.79332
4.43927,-3.37829
6.17338,-1.63301
4.78785,3.10422
-0.943925,-0.693606
1.00715,2.73785
4.50969,-3.31571
6.23439,-1.5777
4.72954,3.16786
-0.890229,-0.763698
0.913064,2.65465
4.61526,-3.22098
6.3257,-1.4946
4.64182,3.2631
-0.80787,-0.868629
0.850354,2.59917
4.6856,-3.15728
6.3865,-1.43904
4.58313,3.32639
-0.751935,-0.938414
4.79107,-3.06095
4.49469,3.42096
-0.666756,-1.0428
4.8965,-2.96372
6.56886,-1.27112
4.40569,3.51499
-0.580313,-1.14678
0.599923,2.37695
6.62973,-1.21465
4.34603,3.57733
-0.522111,-1.21587
5.07217,-2.79977
6.7212,-1.1294
4.25605,3.67025
-0.434109,-1.31912
0.444286,2.23805
5.14243,-2.73355
6.78233,-1.07219
4.19574,3.73176
-0.375056,-1.3877
5.24783,-2.63354
6.87428,-0.985797
4.10478,3.82336
-0.286016,-1.49016
5.31788,-2.56627
6.93598,-0.927995
4.04382,3.88396
-0.226408,-1.55819
0.228436,2.04403
5.38756,-2.49857
6.99809,-0.8701
3.98262,3.94417
-0.166645,-1.626
5.49142,-2.39636
7.092,-0.78304
3.89043,4.03383
-0.0767612,-1.7273
0.0759232,1.90589
7.15504,-0.724869
3.82881,4.09328
-0.0166848,-1.7946
-0.0151958,1.82306
7.25019,-0.637466
3.73637,4.18223
-0.0758891,1.76781
7.30284,-0.577819
3.67485,4.24152
-0.166956,1.68484
5.83373,-2.05206
7.35751,-0.484649
3.58184,4.31968
0.224923,-2.06237
-0.227736,1.62944
7.38004,-0.42016
3.51852,4.35512
-0.319088,1.54617
6.00447,-1.88201
7.396,-0.320488
3.42213,4.38724
0.377027,-2.22899
-0.410733,1.46267
6.10713,-1.78064
7.39358,-0.218353
3.32462,4.39812
-0.472027,1.40686
6.17569,-1.71295
7.38328,-0.149449
-0.5335,1.35092
6.24428,-1.64501
7.36697,-0.0801951
3.19368,4.38603
-0.626077,1.26675
6.34717,-1.54246
7.33279,0.0239607
3.09525,4.36095
-0.688035,1.21048
6.41569,-1.47363
7.3044,0.0934166
3.02967,4.33802
-0.781054,1.12609
6.5181,-1.36996
7.25473,0.197472
2.93153,4.29582
-0.843089,1.06985
6.58616,-1.30065
7.21754,0.266691
2.8663,4.26324
-0.936144,0.985502
6.68815,-1.19657
7.15662,0.370184
2.76875,4.20871
-0.998163,0.92925
6.75619,-1.12723
7.11308,0.438915
2.70391,4.1691
-1.09114,0.844815
6.85851,-1.02348
7.04409,0.541563
2.60692,4.10555
-1.15308,0.788473
6.996,0.609679
2.54243,4.0608
-1.2459,0.703859
7.03007,-0.852013
6.92123,0.711355
2.44594,3.99065
-1.30419,0.647006
7.09913,-0.784179
6.8699,0.778799
2.38176,3.94213
-1.36724,0.559175
7.20326,-0.683465
6.79104,0.879442
-1.39522,0.499235
7.27307,-0.617109
6.73743,0.946187
2.22179,3.81587
-1.41932,0.407678
7.35391,-0.516257
6.65571,1.04578
-1.42508,0.34574
7.39015,-0.448097
6.60052,1.11182
2.0624,3.68412
-1.42064,0.251765
7.42214,-0.345098
6.51685,1.21035
1.96701,3.60311
-1.41011,0.188542
7.43061,-0.27621
6.46058,1.2757
-1.38472,0.0930761
7.42712,-0.172672
6.37559,1.37326
1.80834,3.46562
-1.36225,0.0291266
7.41557,-0.103514
6.31859,1.438
-1.32151,-0.0670938
7.38668,0.000454001
6.2327,1.53467
-1.29028,-0.131362
7.36084,0.069958
6.17525,1.5988
1.58701,3.26921
-1.23828,-0.227839
7.31384,0.174572
6.08889,1.69452
-1.20063,-0.29216
7.27784,0.244588
6.03124,1.75801
1.42955,3.12684
-1.14035,-0.388581
7.21808,0.35008
5.94469,1.85275
1.33534,3.04077
-1.09797,-0.452792
7.17501,0.420745
5.88697,1.91559
-1.03161,-0.548967
7.10647,0.527292
2.59316,-4.44147
-0.985751,-0.612973
7.0586,0.598712
1.11632,2.83851
2.66173,-4.44987
-0.914912,-0.708795
6.98423,0.706456
2.76543,-4.44679
-0.866496,-0.772545
6.93327,0.778712
5.59828,2.22601
0.960542,2.6931
2.835,-4.43569
-0.792319,-0.867958
6.85516,0.887646
5.5116,2.31802
0.86729,2.60558
2.93979,-4.40755
-0.741925,-0.93142
6.80209,0.960501
5.45373,2.3792
3.00986,-4.38218
-0.665053,-1.02638
6.72118,1.06994
5.3667,2.47083
3.11513,-4.33576
-0.613018,-1.08952
6.66645,1.14291
5.3085,2.53189
0.649627,2.40106
3.18537,-4.30001
-0.533885,-1.184
6.58325,1.25224
5.22093,2.62353
3.29074,-4.2403
-0.453558,-1.27818
6.49884,1.3613
5.13297,2.7153
3.39605,-4.17443
-0.399393,-1.34081
6.44193,1.43379
5.07412,2.77659
3.46621,-4.12764
-0.344768,-1.40331
5.01511,2.83799
3.5363,-4.07887
-0.262016,-1.49681
4.92626,2.93035
-0.178349,-1.59003
6.20963,1.72151
3.74614,-3.92294
-0.122099,-1.65201
6.15044,1.79277
3.81594,-3.8684
-0.0372109,-1.74458
6.06087,1.89911
4.68762,3.17831
3.92048,-3.78469
0.0196775,-1.80601
6.00062,1.96964
4.6278,3.24052
-0.0765221,1.73237
0.0767593,-1.86727
5.93997,2.03993
4.56798,3.30275
-0.140772,1.67472
0.162665,-1.95889
5.84824,2.14504
4.47825,3.39608
-0.237345,1.58848
4.16371,-3.58249
0.220078,-2.01984
5.78658,2.21494
-0.301842,1.53111
4.23304,-3.52331
5.69338,2.31965
-0.398737,1.44522
4.33691,-3.43361
5.59934,2.42427
-0.495784,1.35951
4.44064,-3.34294
5.5362,2.49401
4.17904,3.70709
-0.560552,1.30245
5.4727,2.56376
4.11915,3.76924
-0.625368,1.24544
4.57874,-3.22079
4.02927,3.86243
-0.722665,1.16001
4.68217,-3.12838
5.31249,2.73834
3.96933,3.92454
-0.787569,1.1031
5.21541,2.84329
3.87938,4.01766
-0.884965,1.01779
4.85433,-2.97313
5.11764,2.94843
3.7894,4.11076
-0.982389,0.932503
4.95749,-2.87935
5.0521,3.01864
3.72941,4.17281
-1.04734,0.875651
4.95333,3.12405
3.63943,4.26591
-1.14477,0.790368
4.88733,3.19426
3.57811,4.31722
-1.20971,0.733503
4.82166,3.26423
3.51483,4.35572
-1.27464,0.676625
4.72401,3.36861
3.41657,4.39273
-1.35124,0.589072
4.62679,3.47259
3.31557,4.40833
-1.40098,0.498751
5.47245,-2.40556
4.56174,3.54173
-1.42161,0.437304
5.54099,-2.34203
4.49623,3.61067
-1.43363,0.375041
5.6095,-2.27846
4.39684,3.71356
3.07699,4.38021
-1.43782,0.280376
5.71221,-2.18305
4.32975,3.78173
3.00919,4.35935
-1.43271,0.216562
5.78065,-2.11942
4.2279,3.88323
2.90818,4.31988
-1.41512,0.119978
5.88327,-2.02392
4.15924,3.95036
2.84133,4.28886
-1.39775,0.0551046
5.95166,-1.96022
4.05524,4.05023
2.74179,4.23638
-1.36462,-0.0428066
6.05422,-1.86466
1.78709,-3.68193
3.98533,4.11625
2.67589,4.19797
-1.33853,-0.108421
6.12258,-1.80092
3.87975,4.21454
2.57773,4.13596
-1.29423,-0.20724
6.22507,-1.70528
1.93125,-3.83371
3.80899,4.27965
2.51272,4.09205
-1.26168,-0.273324
2.01762,-3.9249
2.4158,4.02286
-1.20894,-0.372678
2.0751,-3.98578
2.35158,3.97479
-1.17146,-0.439027
6.4639,-1.48178
-1.11221,-0.538666
6.56608,-1.38581
2.21833,-4.13843
-1.07091,-0.605145
6.63414,-1.32176
2.30387,-4.23039
-1.00659,-0.704908
6.7361,-1.22555
2.36102,-4.28825
3.26673,4.4774
2.0342,3.71595
-0.962285,-0.771431
6.804,-1.16133
2.44864,-4.35037
-0.893931,-0.871216
2.5379,-4.38741
3.0503,4.42
-0.823548,-0.970979
2.59801,-4.40033
1.78245,3.49113
-0.775623,-1.03747
2.65845,-4.4051
2.90784,4.35715
-0.72697,-1.10393
7.14241,-0.839111
2.74954,-4.39905
2.80193,4.3003
-0.652729,-1.20353
7.24357,-0.742055
2.81052,-4.3874
2.73167,4.25858
1.56325,3.28518
-0.60244,-1.26979
7.31091,-0.67726
2.90231,-4.36021
2.6267,4.19118
-0.52588,-1.36884
7.38909,-0.578364
2.99444,-4.32314
2.52211,4.11897
-0.448029,-1.46737
7.43758,-0.477554
3.05604,-4.29376
2.45254,4.0686
1.31518,3.04505
-0.39544,-1.53272
7.45594,-0.409598
3.11777,-4.26116
2.38305,4.01673
-0.342319,-1.59777
7.46462,-0.34122
3.21062,-4.207
2.27893,3.93657
-0.261671,-1.69473
7.46194,-0.238119
3.27269,-4.16785
2.20955,3.8818
1.09981,2.8332
-0.207282,-1.75893
7.45108,-0.169171
3.36606,-4.10525
2.10549,3.79804
7.42323,-0.0656189
3.45975,-4.03866
2.00136,3.71272
-0.0412508,-1.94927
7.3836,0.0379139
3.52241,-3.99239
0.854508,2.59025
0.0150084,-2.01193
7.35162,0.106849
3.58523,-3.9448
0.0717076,-2.07418
7.31579,0.175676
3.67976,-3.87127
7.25577,0.278651
3.74292,-3.82099
1.68827,3.45045
0.639929,2.3776
7.21216,0.347088
3.83773,-3.744
0.547918,2.28652
0.302463,-2.31958
7.14222,0.449373
3.90093,-3.69175
0.486558,2.22581
7.09301,0.517294
1.41029,3.21162
0.394489,2.13479
7.01596,0.618745
4.09011,-3.53146
0.302376,2.0438
0.538095,-2.56139
6.93566,0.71966
4.15295,-3.47707
1.2376,3.05995
0.240939,1.98318
0.597584,-2.62156
6.88064,0.786632
4.21565,-3.42228
1.16884,2.99879
0.179476,1.92258
0.657268,-2.68166
6.8246,0.853358
4.30938,-3.33946
0.0872265,1.83173
0.747129,-2.77174
6.73894,0.952986
4.37165,-3.28387
0.997811,2.84468
0.0256858,1.77121
0.80724,-2.83177
6.68094,1.0191
0.895838,2.75141
-0.0666951,1.6805
0.897684,-2.92183
6.59284,1.11781
-0.128334,1.62008
0.958151,-2.9819
6.53349,1.18332
4.61873,-3.05924
0.727,2.59464
-0.220878,1.52954
1.04908,-3.07208
6.44376,1.28114
4.68001,-3.00264
0.659791,2.53156
-0.282624,1.46923
1.10984,-3.13224
6.38352,1.3461
4.77173,-2.91749
-0.375294,1.37881
1.20114,-3.22255
4.8328,-2.86058
0.491869,2.37385
-0.437099,1.31856
1.26208,-3.28279
6.23154,1.50786
4.9244,-2.77506
0.390831,2.27966
-0.529847,1.22822
1.35357,-3.37318
6.13945,1.60465
4.98552,-2.71796
0.323243,2.21719
-0.591711,1.16803
1.41461,-3.43346
6.0777,1.66914
5.0773,-2.63223
0.221418,2.12413
-0.684578,1.07782
1.50619,-3.52389
5.98457,1.76586
5.13852,-2.57512
0.153196,2.06256
-0.746552,1.01774
1.56725,-3.58418
5.92215,1.83037
5.23045,-2.48954
0.0502973,1.97101
-0.839642,0.927761
1.65884,-3.67463
5.82803,1.92721
5.32251,-2.4041
-0.0533303,1.88049
-0.932936,0.83799
1.75039,-3.76507
5.73336,2.02419
5.38398,-2.34725
-0.122839,1.82074
-0.995277,0.778293
1.8114,-3.82536
5.44554,-2.29049
-0.192695,1.76148
-1.05776,0.718744
1.87239,-3.88564
5.6063,2.15382
5.53804,-2.20554
-0.298138,1.67351
-1.1518,0.629754
1.96381,-3.97606
5.5104,2.25132
5.59984,-2.14904
-0.368861,1.61545
-1.21475,0.5707
2.02472,-4.03632
5.4462,2.31648
-0.475291,1.52933
-1.28792,0.478451
2.11604,-4.12671
5.34959,2.41447
-0.581713,1.44478
-1.33355,0.380913
2.20734,-4.2171
5.25275,2.51278
5.8479,-1.92401
-0.652818,1.38869
-1.35075,0.313919
2.26821,-4.27736
5.18812,2.5785
5.91012,-1.86798
-0.72408,1.33225
-1.35868,0.246138
2.32932,-4.33403
5.12348,2.64439
6.0036,-1.7841
-0.83109,1.24615
2.42257,-4.39412
5.02654,2.74351
6.066,-1.72827
-0.902369,1.18752
-1.34474,0.0761699
2.48556,-4.41983
4.96197,2.80981
6.15974,-1.64468
-1.009,1.09755
-1.31757,-0.0250229
2.58095,-4.4402
4.86525,2.90957
6.2223,-1.58905
-1.0798,1.03621
-1.29311,-0.0919587
2.64499,-4.44329
4.80088,2.9763
6.31619,-1.5058
-1.18544,0.942209
-1.24832,-0.191501
2.74156,-4.43464
4.70455,3.07674
6.37879,-1.45045
-1.25541,0.878248
-1.21377,-0.257274
2.80617,-4.42122
4.64048,3.14393
6.47264,-1.36766
-1.35959,0.780408
-1.15598,-0.355048
2.90332,-4.39138
4.54466,3.24507
6.53516,-1.31265
-1.42458,0.713872
-1.11398,-0.419644
2.96819,-4.36589
4.48097,3.31273
6.62885,-1.23038
-1.49454,0.612044
-1.0466,-0.515762
3.06557,-4.32057
4.38575,3.41461
6.69126,-1.17565
-1.52525,0.543085
-0.99919,-0.579449
3.13047,-4.28628
4.32249,3.48283
6.78482,-1.09368
-1.55103,0.438444
-0.924983,-0.674612
3.22774,-4.22967
4.22796,3.58563
6.84716,-1.03908
-1.55651,0.368104
-0.87373,-0.737958
3.29249,-4.18895
4.16518,3.65451
6.94064,-0.957193
-1.54989,0.262078
-0.794534,-0.833091
3.38942,-4.1241
4.07139,3.75838
7.00294,-0.902591
-1.53696,0.1912
-0.740375,-0.896709
3.4539,-4.0787
4.00912,3.828
7.09636,-0.820629
-1.5067,0.0847301
-0.657428,-0.992539
3.55039,-4.00785
3.91618,3.93295
7.18976,-0.738556
-1.4653,-0.0218709
-0.572827,-1.08889
3.64656,-3.93421
3.82387,4.03845
7.252,-0.683756
-1.43241,-0.0930143
-0.515699,-1.15341
3.76268,4.10909
7.31063,-0.628548
-1.39583,-0.164226
-0.45833,-1.2179
3.70177,4.17997
7.37371,-0.543406
-1.33494,-0.271171
-0.372072,-1.31445
3.86971,-3.75411
3.61043,4.28269
7.40146,-0.485381
-1.2909,-0.342554
-0.31447,-1.37873
3.93313,-3.70102
3.54797,4.33495
7.42495,-0.39684
-1.22048,-0.449734
-0.227952,-1.47505
4.02798,-3.62038
3.45208,4.38915
7.43015,-0.337004
-1.17108,-0.521183
-0.17016,-1.53916
4.09103,-3.5661
3.387,4.4113
7.42468,-0.246319
-1.09395,-0.628211
-0.083227,-1.63511
4.18534,-3.48412
3.28801,4.42667
7.41338,-0.185383
-1.04083,-0.699402
-0.025073,-1.69889
4.24805,-3.42919
3.22129,4.42656
7.38668,-0.0934636
-0.95906,-0.805857
0.0624979,-1.79425
4.34185,-3.34655
3.12037,4.41315
7.36326,-0.0319397
-0.90338,-0.876564
0.12112,-1.8576
4.40423,-3.29134
3.05264,4.39651
7.32099,0.0605734
-0.818413,-0.982174
0.209426,-1.95228
2.95053,4.36166
7.28869,0.122335
-0.760947,-1.05225
0.268546,-2.01517
2.88217,4.33268
7.23499,0.215022
-0.673719,-1.15683
0.357589,-2.10916
4.65248,-3.07038
7.19617,0.276803
-0.614974,-1.22619
0.417185,-2.1716
4.71423,-3.01525
7.13406,0.369411
-0.526093,-1.32963
0.506908,-2.26494
4.80663,-2.93271
2.60721,4.18055
7.09043,0.431087
-0.46639,-1.39819
0.56693,-2.32697
4.86808,-2.87783
2.53819,4.13527
7.02213,0.523484
-0.376244,-1.50041
2.43451,4.06308
6.95087,0.615792
-0.285512,-1.60203
2.33069,3.98646
6.90192,0.677348
-0.224784,-1.66957
5.11283,-2.65939
2.26145,3.93327
6.85194,0.73896
-0.163916,-1.73703
5.17389,-2.60485
2.19221,3.87861
6.7752,0.831553
-0.0724445,-1.83819
5.2655,-2.5229
2.0884,3.7942
6.72298,0.893439
-0.0114033,-1.90568
5.32662,-2.46814
2.01923,3.73651
6.64321,0.986567
0.0801701,-2.00709
5.41839,-2.38572
6.58915,1.04888
0.141188,-2.07486
5.47967,-2.33055
6.50688,1.14275
5.57176,-2.24743
6.45141,1.20548
5.63328,-2.19173
5.72579,-2.10775
6.312,1.36162
5.78762,-2.05144
6.22795,1.45495
0.535799,-2.52018
5.88061,-1.96648
6.17179,1.51706
5.94278,-1.90949
1.33157,3.11903
6.08744,1.61011
6.03627,-1.82353
1.22961,3.02282
6.03117,1.67211
6.09872,-1.76593
5.94676,1.76511
1.86852,-3.6497
6.19255,-1.67912
1.92864,-3.71162
0.992763,2.79722
2.07862,-3.86677
6.41201,-1.47483
2.16832,-3.96013
6.50623,-1.38661
0.722796,2.53864
5.58225,2.16927
2.25778,-4.05373
6.60052,-1.29804
5.52649,2.23172
2.31725,-4.11628
6.66336,-1.23886
0.553986,2.37711
5.47086,2.29424
2.37657,-4.17898
6.72614,-1.17962
0.486392,2.31257
2.46724,-4.26236
6.82021,-1.09065
0.384896,2.21587
2.56368,-4.31672
0.283261,2.11933
2.63046,-4.33924
6.97675,-0.942113
0.215431,2.05507
5.1958,2.60657
2.6984,-4.35212
7.03932,-0.882643
0.147548,1.99089
5.1141,2.69999
2.80115,-4.35576
7.13314,-0.79342
0.0456314,1.89476
5.05972,2.76218
2.86963,-4.34921
7.1957,-0.733944
-0.0223694,1.83078
4.97821,2.85534
2.97178,-4.3281
7.28958,-0.644772
-0.124448,1.73494
4.92386,2.91735
1.96264,-4.13912
3.03938,-4.30756
7.34139,-0.584268
-0.192549,1.67114
4.84228,3.01021
2.0625,-4.23724
3.13994,-4.26858
7.39529,-0.491289
-0.294766,1.57558
2.13023,-4.30195
3.20643,-4.23791
7.4175,-0.428118
-0.362952,1.51196
4.70599,3.16456
2.23337,-4.39789
3.3054,-4.18599
7.43342,-0.331996
-0.465287,1.41668
2.30312,-4.4499
3.37089,-4.14798
7.43403,-0.267199
-0.533546,1.35325
2.40887,-4.50214
3.46846,-4.08667
7.42223,-0.169194
-0.635982,1.25823
2.51536,-4.52812
3.56538,-4.02095
7.39755,-0.070472
-0.738472,1.16336
2.58644,-4.53319
3.62981,-3.97497
7.37504,-0.004377
-0.806823,1.10021
2.6574,-4.52989
3.69422,-3.92739
7.34833,0.0618631
-0.87518,1.03712
2.76333,-4.51156
3.791,-3.85328
7.30144,0.161372
-0.97771,0.942614
2.83356,-4.49168
3.85568,-3.80225
7.26622,0.227743
-1.04604,0.879701
2.93833,-4.45218
3.95291,-3.72364
7.20835,0.327253
-1.1485,0.785464
4.0692,3.87119
3.04248,-4.40287
4.05031,-3.64293
7.1453,0.426624
-1.25088,0.691384
4.01296,3.93323
3.11163,-4.36543
7.10081,0.492757
-1.31508,0.628394
3.95675,3.99528
3.18057,-4.32488
7.05462,0.558778
-1.36417,0.564183
3.28362,-4.25909
4.27788,-3.44803
6.98252,0.657574
-1.41328,0.466086
3.3521,-4.21243
4.34275,-3.3911
6.93282,0.723265
-1.43188,0.399784
3.45451,-4.13904
4.43956,-3.30513
6.85617,0.821526
-1.44177,0.299357
3.52256,-4.08817
4.50376,-3.24738
6.80383,0.88692
-1.438,0.232015
