8.1556,-0.45394
2.72564,4.93865
8.12735,-0.424205
2.69269,4.90427
8.0886,-0.383468
2.64749,4.85714
8.05786,-0.351202
2.61165,4.81979
8.02376,-0.315447
2.57189,4.77837
7.96719,-0.256217
2.50594,4.7097
7.92636,-0.213542
2.45836,4.66019
7.8612,-0.145539
7.79207,-0.0735365
7.74412,-0.0236864
7.69489,0.0274227
7.61897,0.106108
2.10048,4.28841
7.56717,0.159748
2.04025,4.2259
7.48796,0.241753
7.43429,0.297339
7.35269,0.381928
7.29766,0.439046
7.21431,0.525693
7.15828,0.584046
7.07366,0.672371
7.0169,0.731743
6.93132,0.821474
6.87401,0.881712
6.78772,0.972647
6.73017,1.03346
6.21489,1.58332
6.15795,1.64466
6.07273,1.73667
5.59409,2.25666
5.50979,2.34816
-0.360583,1.69588
5.45351,2.40913
-0.427529,1.62548
5.36895,2.50054
-0.527971,1.51995
-0.628407,1.41454
-0.695345,1.34434
-0.76226,1.27421
5.08535,2.80491
-0.862574,1.16918
5.02825,2.86573
-0.929404,1.09928
-1.0296,0.994592
-1.09638,0.924903
-1.19657,0.820508
-1.29681,0.716269
-1.35963,0.646601
4.59742,3.32161
-1.40721,0.576082
4.51105,3.41277
-1.45384,0.469111
4.42471,3.50392
-1.47534,0.361144
4.36717,3.5647
-1.47787,0.288803
4.28091,3.65586
-1.46666,0.179965
4.22344,3.71665
-1.45056,0.107284
4.16601,3.77743
-1.42849,0.0345678
4.0799,3.86862
-1.38573,-0.0744813
3.9937,3.9599
-1.33313,-0.183355
3.93618,4.02075
-1.29345,-0.255773
3.84982,4.11194
-1.22804,-0.364081
3.79217,4.17266
-1.18104,-0.436042
3.73446,4.23332
-1.1317,-0.507787
3.64737,4.32072
-1.05388,-0.614978
3.58771,4.36475
-0.999811,-0.686141
-0.915909,-0.792428
-0.858366,-0.862977
-0.770006,-0.968337
-0.709921,-1.03827
-0.618299,-1.14272
3.07524,4.40072
-0.525184,-1.24671
3.00841,4.37918
-0.462429,-1.31588
2.94133,4.35382
-0.399223,-1.38496
2.84043,4.30945
-0.303715,-1.48852
2.77309,4.27613
-0.239663,-1.55756
-0.143139,-1.66119
0.0185846,-1.83429
2.40398,4.05152
0.115947,-1.93848
2.33739,4.00471
0.180937,-2.00812
2.27103,3.95644
0.245966,-2.07791
2.17192,3.88153
2.0734,3.804
0.441129,-2.28827
1.70547,-3.68877
1.86712,-3.87002
1.96431,-3.9786
2.02922,-4.05087
2.12682,-4.15908
0.353579,2.33686
2.19208,-4.23104
2.29032,-4.33867
2.35669,-4.39844
2.45777,-4.46179
2.52594,-4.4888
2.62907,-4.50986
2.69825,-4.51262
2.8025,-4.5023
2.90716,-4.47716
2.97708,-4.45335
-0.433288,1.58493
3.08212,-4.40857
-0.492527,1.52575
3.15223,-4.37343
-0.551647,1.46646
3.22238,-4.33458
-0.640126,1.37732
3.32768,-4.27019
-0.698991,1.31777
3.39791,-4.22368
-0.787125,1.2283
3.50332,-4.14925
-0.875098,1.13866
3.60874,-4.07006
-0.933678,1.07883
3.67898,-4.01506
-0.992216,1.01896
3.74917,-3.95858
-1.07997,0.929108
-1.16768,0.839215
3.95926,-3.78199
-1.22615,0.779279
4.02909,-3.72128
-1.28462,0.719347
4.09882,-3.65985
-1.36214,0.628683
4.20318,-3.56659
-1.39815,0.567118
-1.43227,0.473529
4.37651,-3.40892
-1.44355,0.410517
-1.44591,0.315354
-1.43908,0.251613
-1.41814,0.155725
4.72092,-3.08869
-1.39799,0.0916891
4.78955,-3.02414
-1.35987,-0.00442889
4.89246,-2.92703
-1.32989,-0.0685051
4.96107,-2.86212
-1.27906,-0.164558
5.06404,-2.76448
-1.24178,-0.228527
5.13274,-2.69923
-1.1815,-0.324349
-1.13879,-0.388131
-1.07146,-0.48364
5.40826,-2.43696
-1.02467,-0.547198
5.47736,-2.37109
-0.952034,-0.642361
5.58122,-2.27207
-0.876856,-0.737318
5.68534,-2.17281
-0.825559,-0.800532
-0.747183,-0.895275
5.85943,-2.00697
-0.694146,-0.958414
5.92925,-1.94054
-0.640597,-1.02156
5.99916,-1.87408
-0.559498,-1.1163
6.10422,-1.77437
-0.505024,-1.17952
6.17436,-1.70789
-0.422871,-1.27441
6.27975,-1.60819
-0.340514,-1.36923
6.38533,-1.50853
-0.285574,-1.43242
6.45582,-1.44213
-0.230636,-1.4956
6.5264,-1.37576
-0.148275,-1.59043
6.6324,-1.27628
-0.0934264,-1.65369
6.70317,-1.21001
-0.0112663,-1.74868
6.80946,-1.11068
0.0434421,-1.81207
6.88041,-1.04452
0.125433,-1.90721
6.98694,-0.945364
0.180057,-1.97067
7.05804,-0.879308
7.16478,-0.780295
7.23599,-0.71433
0.398437,-2.2246
7.33073,-0.614393
0.453033,-2.28809
7.37524,-0.546279
7.41831,-0.442442
7.43338,-0.372374
7.43863,-0.266372
7.43213,-0.195273
7.4097,-0.0882061
7.37434,0.0191822
7.34469,0.0908896
7.31084,0.162657
7.25321,0.270376
7.21085,0.342214
7.14228,0.449986
7.06858,0.557761
7.01703,0.629609
6.9638,0.701455
6.88122,0.809225
6.82459,0.881076
6.73761,0.988865
6.67846,1.06074
6.27673,1.52784
2.2252,-4.24069
6.11635,1.70737
2.28341,-4.30088
6.05151,1.77916
2.52252,-4.45638
5.78935,2.06572
2.58393,-4.47008
2.67676,-4.47637
5.62417,2.24375
2.73901,-4.47228
5.55788,2.31477
2.83279,-4.45552
5.45824,2.4211
2.89549,-4.43817
5.3917,2.49188
2.98974,-4.40417
5.29173,2.5979
3.05265,-4.37686
5.22499,2.6685
3.14709,-4.32987
5.12476,2.77427
3.21007,-4.29501
5.05788,2.84469
3.30454,-4.23813
3.39899,-4.17645
3.46195,-4.133
3.55634,-4.06476
4.69008,3.23024
3.61924,-4.01744
4.62333,3.29996
3.68209,-3.96883
4.55661,3.36958
3.77626,-3.89375
4.45657,3.47389
3.83895,-3.84242
3.93282,-3.76373
3.99528,-3.71025
4.22316,3.71699
4.12308,3.82118
4.151,-3.57348
4.05634,3.89066
4.24412,-3.48958
3.95616,3.99494
4.30593,-3.4331
3.88935,4.06452
3.78906,4.16899
4.45921,-3.29054
3.72215,4.23871
4.5504,-3.20417
3.6214,4.33928
4.61092,-3.14631
3.55289,4.38945
3.44834,4.43952
3.37776,4.45838
4.85174,-2.91355
3.27094,4.46819
4.91179,-2.8552
3.19929,4.46408
5.00187,-2.76768
3.09142,4.44438
5.06194,-2.70935
3.01935,4.42343
2.91117,4.38207
2.80304,4.3306
5.30281,-2.47664
2.73103,4.29152
5.39348,-2.38973
2.62323,4.22684
2.55151,4.18022
2.47994,4.13117
5.60595,-2.18788
2.37287,4.05369
5.66685,-2.13042
2.30168,3.99979
5.75833,-2.04437
2.19522,3.91609
5.81938,-1.98707
2.12445,3.85866
5.91106,-1.90122
2.0186,3.77047
5.97222,-1.84404
6.06403,-1.75833
6.12527,-1.70123
6.21717,-1.61562
6.30911,-1.53006
6.37042,-1.47304
6.43175,-1.41603
1.42541,3.24106
6.58518,-1.27363
1.25274,3.07987
6.67736,-1.18832
1.14929,2.98243
6.73887,-1.13153
6.83121,-1.04652
6.89281,-0.98998
0.907823,2.75332
6.98525,-0.905425
7.07773,-0.821207
7.1394,-0.765267
0.630993,2.48901
7.23192,-0.681687
7.28999,-0.625836
0.457179,2.32272
7.33446,-0.568853
0.387444,2.25599
7.37908,-0.481731
0.282611,2.15571
7.39611,-0.422778
0.212599,2.08881
7.40548,-0.333341
0.107449,1.98849
7.4024,-0.273184
0.037289,1.92169
7.38592,-0.182338
-0.0680012,1.82171
7.36809,-0.121454
-0.138208,1.75524
7.33263,-0.0297607
-0.243507,1.65587
7.30396,0.0315604
-0.313684,1.58988
7.25454,0.123763
-0.418892,1.49131
7.19858,0.216172
-0.524003,1.39328
7.15819,0.27787
-0.594009,1.32824
7.11565,0.339629
-0.663953,1.26347
7.04834,0.432367
-0.768731,1.16681
6.97748,0.525217
-0.873323,1.07059
6.92858,0.587177
-0.942938,1.00655
6.87856,0.649187
-1.01245,0.942515
6.80172,0.742297
-1.11652,0.846325
6.74947,0.804437
-1.18576,0.782028
-1.28939,0.685206
-1.36904,0.586006
-1.40455,0.518296
-1.42789,0.44953
6.39644,1.20985
-1.44313,0.344707
6.34082,1.27244
-1.44188,0.273872
6.25723,1.36618
-1.42548,0.166412
6.20143,1.42861
-1.40618,0.0940826
6.11766,1.52218
-1.36656,-0.0151638
6.06178,1.58454
-1.334,-0.0883468
-1.27732,-0.198444
-1.23502,-0.27196
-1.1658,-0.382279
5.75436,1.92742
-1.09071,-0.492528
5.69851,1.9898
-1.03787,-0.565934
5.61477,2.08341
-0.955088,-0.675842
5.55898,2.14585
-0.897851,-0.748952
-0.839193,-0.821916
-0.748889,-0.931063
-0.687344,-1.00362
-0.593361,-1.11216
-0.529799,-1.18436
-0.433396,-1.29249
-0.36857,-1.36448
-0.270726,-1.47236
-0.205275,-1.54415
-0.106923,-1.65167
4.81017,2.9926
-0.0412899,-1.72329
4.72765,3.08728
0.0571842,-1.8307
4.67272,3.15047
4.59044,3.24537
0.221171,-2.00985
4.53567,3.3087
4.4536,3.40377
4.39891,3.46717
4.31682,3.56222
4.26202,3.6255
4.04207,3.87714
3.98685,3.93955
3.90381,4.03268
3.8483,4.09444
3.76482,4.18652
3.68105,4.27793
3.62417,4.32801
3.56619,4.36524
3.47754,4.40032
1.86738,-3.77038
1.93373,-3.83972
2.03312,-3.94404
2.09929,-4.01383
2.86245,4.24331
2.80007,4.20583
2.26428,-4.18932
2.70644,4.14558
2.36335,-4.29121
2.64401,4.10312
2.43084,-4.34237
2.55034,4.03646
2.53406,-4.39402
2.45666,3.96674
2.6391,-4.42004
2.3942,3.91879
2.70988,-4.42529
2.33173,3.86979
2.78112,-4.42215
2.23801,3.79456
2.88863,-4.40377
2.17551,3.74337
2.96063,-4.38359
2.08174,3.66523
3.06897,-4.34319
3.14135,-4.31038
3.25008,-4.25363
3.32262,-4.21142
3.43148,-4.14246
3.54035,-4.0677
3.61292,-4.01513
1.54993,3.20052
1.45657,3.11651
1.39442,3.0604
1.30131,2.97612
3.97494,-3.72891
1.23927,2.91988
4.04713,-3.66831
1.14626,2.83548
4.15526,-3.576
1.08427,2.7792
4.33504,-3.41924
0.836159,2.55422
4.62158,-3.16364
4.69302,-3.0992
0.618786,2.35772
4.7644,-3.0346
4.87141,-2.93746
0.463856,2.21731
4.94274,-2.87257
0.371267,2.13291
5.04973,-2.77507
5.12109,-2.70998
0.217809,1.99189
5.22819,-2.61224
0.156774,1.93532
0.0656307,1.8503
5.4069,-2.44911
-0.0249931,1.76505
5.5143,-2.35113
-0.0851098,1.70808
5.58598,-2.28578
-0.144982,1.65102
5.65773,-2.2204
-0.234333,1.56524
5.76546,-2.12232
-0.293645,1.50798
5.83731,-2.05693
-0.382389,1.42215
5.94502,-1.95878
-0.441486,1.36505
6.01675,-1.89327
-0.530152,1.27971
6.12417,-1.79486
-0.58934,1.22309
6.19563,-1.72913
-0.678326,1.13864
6.30252,-1.63036
-0.737832,1.08272
6.37355,-1.56438
-0.827429,0.999464
6.47972,-1.46519
-0.917498,0.917035
-0.977836,0.862571
6.65553,-1.29929
-1.03842,0.808516
6.72544,-1.23271
-1.1298,0.728224
6.82982,-1.13262
-1.19105,0.67522
6.8991,-1.06575
-1.2797,0.595946
7.00266,-0.965288
-1.32402,0.541756
7.07155,-0.898258
-1.36844,0.458494
7.17475,-0.797691
-1.38535,0.4019
7.24352,-0.730666
-1.3946,0.315701
7.34259,-0.629891
-1.3915,0.25751
7.39183,-0.561546
-1.37507,0.169338
7.44066,-0.457529
-1.35734,0.110061
7.45883,-0.387459
-1.32217,0.0205255
7.46788,-0.281646
-1.27827,-0.0696386
7.45847,-0.175335
-1.24491,-0.130048
7.44357,-0.104339
-1.18968,-0.221054
7.41032,0.0021684
-1.14988,-0.281926
7.38192,0.0731313
-1.10804,-0.342908
7.34928,0.144042
-1.042,-0.434504
7.29352,0.250294
-0.972658,-0.52616
7.23099,0.356393
-0.9249,-0.587258
7.18619,0.427039
-0.876098,-0.648328
7.13929,0.497618
-0.801231,-0.739847
7.06564,0.603367
-0.750377,-0.800785
7.0147,0.673793
-0.67293,-0.892056
6.93604,0.779334
-0.620644,-0.952801
6.88238,0.849636
-0.541413,-1.04375
6.80043,0.955016
-0.488149,-1.10427
6.74502,1.02523
-0.407717,-1.19486
6.66097,1.13049
-0.353801,-1.25515
-0.272578,-1.34544
-0.191029,-1.43559
-0.136525,-1.49563
-0.081938,-1.55562
6.31352,1.55104
5.67136e-05,-1.64553
6.22375,1.65607
0.0547709,-1.70543
6.16325,1.72609
0.136883,-1.79522
6.07151,1.83108
0.273744,-1.94478
0.328462,-2.00458
5.85283,2.07604
5.75713,2.18102
5.69272,2.251
0.547215,-2.24396
5.59533,2.35595
5.52995,2.4259
5.43131,2.53078
5.36521,2.60066
5.26565,2.70542
4.42477,3.57546
1.60006,-3.4206
4.32339,3.67974
4.25584,3.74929
4.18833,3.81888
4.08714,3.92334
4.01974,3.99302
3.91872,4.0976
3.85143,4.16736
3.75056,4.27204
3.6831,4.3378
3.58032,4.40858
2.2703,-4.16914
2.35454,-4.2623
2.41178,-4.31381
2.49986,-4.36769
3.22973,4.4659
2.55975,-4.39017
3.15884,4.45334
2.65091,-4.40686
3.05228,4.42369
2.74321,-4.40631
2.94556,4.3831
2.8052,-4.39787
2.87436,4.35092
2.86745,-4.38388
2.80314,4.31521
2.96113,-4.35392
2.69629,4.25595
3.0237,-4.32881
3.11763,-4.28464
3.18026,-4.25144
3.27416,-4.19689
3.33671,-4.15776
3.43044,-4.09556
3.49285,-4.05207
2.09043,3.83432
3.58633,-3.98423
1.80423,3.60383
3.80383,-3.8164
3.89677,-3.7413
3.95864,-3.69041
1.55272,3.39159
4.05132,-3.61301
4.11303,-3.5608
1.3723,3.23521
1.26369,3.13981
4.29796,-3.40196
1.08218,2.97888
4.4212,-3.29474
1.0097,2.9142
4.51366,-3.21386
4.57532,-3.15977
0.828865,2.75208
4.66788,-3.07846
0.720561,2.65459
4.72962,-3.02416
4.82232,-2.94262
4.88418,-2.88823
0.468229,2.42669
4.97705,-2.80662
5.07005,-2.72499
5.13215,-2.67053
0.180421,2.1656
5.22547,-2.58872
5.35027,-2.47933
-0.0695999,1.93518
5.4442,-2.39699
5.53844,-2.31435
5.60137,-2.25912
-0.351331,1.66755
5.66429,-2.20388
-0.420932,1.59978
5.75864,-2.12098
-0.524593,1.49747
5.82151,-2.06568
-0.593136,1.42887
5.91578,-1.98268
-0.695008,1.32544
5.97858,-1.92731
-0.762251,1.25618
6.07272,-1.84417
-0.862247,1.15194
6.16673,-1.76088
-0.961576,1.04747
6.22932,-1.70526
-1.02761,0.977785
6.29182,-1.64955
-1.0936,0.908133
6.38541,-1.56579
-1.19269,0.803813
6.44767,-1.5098
-1.25893,0.734432
6.54085,-1.42559
-1.34673,0.629836
6.63377,-1.34109
-1.40263,0.523534
6.69555,-1.28457
-1.42501,0.452056
6.75717,-1.22793
-1.43716,0.380278
6.84927,-1.14275
-1.43893,0.272331
6.91039,-1.08584
-1.4307,0.20033
7.00164,-1.00031
-1.40651,0.0924487
7.0622,-0.943141
-1.3835,0.0206055
7.15272,-0.857099
-1.34012,-0.0870842
7.21286,-0.79951
-1.30601,-0.158854
7.30282,-0.712735
-1.24814,-0.266522
7.3524,-0.653948
-1.20562,-0.338338
7.40398,-0.564022
-1.1367,-0.446166
7.43242,-0.472421
-1.06242,-0.554177
7.44054,-0.410607
-1.0103,-0.626315
7.44118,-0.348299
-0.956323,-0.698578
7.43005,-0.254062
-0.872239,-0.807243
7.41567,-0.190801
-0.814316,-0.879888
7.38532,-0.0953665
-0.724945,-0.98919
7.34605,0.000538382
-0.632984,-1.09879
7.31569,0.0646212
-0.570456,-1.17192
7.28245,0.128755
-0.507084,-1.24503
7.22794,0.224947
-0.410819,-1.35439
7.16872,0.32102
-0.313629,-1.46297
7.12704,0.384952
-0.248378,-1.53494
7.06173,0.480616
-0.149875,-1.64232
7.01659,0.54421
-0.0838168,-1.71355
6.97035,0.607639
-0.0174696,-1.78451
6.89923,0.702451
6.8508,0.765423
0.149562,-1.96082
6.77689,0.859511
0.250509,-2.06591
6.72689,0.921988
0.318078,-2.13571
0.419736,-2.24011
6.25877,1.47919
0.929738,-2.76045
6.20532,1.54085
6.12476,1.63333
6.07083,1.69499
5.9896,1.78749
5.90801,1.88005
1.36902,-3.21406
5.85344,1.94178
5.79874,2.00354
5.71647,2.09624
5.63396,2.18902
5.57883,2.25092
5.5236,2.31285
1.83598,-3.7084
5.4406,2.40582
1.93516,-3.81516
5.38517,2.46785
2.0011,-3.8865
2.09973,-3.99371
5.16267,2.71637
2.26323,-4.17287
5.10686,2.7786
2.3283,-4.24467
5.02302,2.87201
2.42673,-4.34012
2.4939,-4.38484
4.88303,3.02763
4.82695,3.08981
4.74274,3.18299
4.68651,3.24504
4.60205,3.33799
4.54566,3.39988
3.01955,-4.3941
4.46092,3.49258
3.12705,-4.35018
3.2349,-4.29669
4.234,3.73892
4.17705,3.8003
3.48743,-4.1433
4.12,3.86159
3.55973,-4.09374
4.03427,3.95338
3.66818,-4.01565
3.94837,4.045
3.77658,-3.93367
3.891,4.10599
3.84878,-3.87716
3.83356,4.16691
3.92091,-3.81935
3.74726,4.25816
4.02895,-3.73048
3.68962,4.31889
4.10087,-3.66997
3.60172,4.3897
4.20855,-3.57754
4.31601,-3.48337
4.38751,-3.41975
4.4589,-3.35553
4.56578,-3.25817
4.6369,-3.19267
4.8495,-2.99393
4.92005,-2.92715
4.99043,-2.86018
2.83908,4.28588
5.0957,-2.75943
2.77759,4.24859
2.43955,4.01023
5.54802,-2.32043
2.37811,3.96241
5.61704,-2.25279
2.31666,3.91358
5.68592,-2.18517
2.22451,3.83867
5.78898,-2.08379
2.13238,3.76207
5.89184,-1.98247
5.96034,-1.91496
6.06302,-1.81375
6.13146,-1.74633
6.19991,-1.67894
6.30263,-1.57793
6.37116,-1.51065
6.47405,-1.40982
6.54273,-1.34267
6.64589,-1.24205
1.39744,3.11237
6.71478,-1.17504
1.30585,3.02844
6.81833,-1.07468
6.88757,-1.00789
6.99187,-0.90794
7.06175,-0.841484
7.16719,-0.742109
7.23794,-0.676085
7.33246,-0.576203
7.3944,-0.473646
7.42046,-0.404188
7.43605,-0.334084
7.44256,-0.228057
0.480704,2.2655
7.43724,-0.156975
7.4171,-0.0500066
0.327276,2.12401
7.39664,0.0214425
0.23513,2.03916
7.35685,0.128733
7.30759,0.236092
0.0814853,1.89776
7.27018,0.307675
0.0200203,1.8412
7.22953,0.379253
-0.0721708,1.75636
7.16312,0.486598
-0.133622,1.69979
7.11563,0.558142
-0.225777,1.61492
7.04011,0.665429
-0.287196,1.55833
6.9872,0.736936
-0.379292,1.47343
6.90442,0.844182
-0.440667,1.41681
6.84715,0.915675
-0.532693,1.33188
6.75845,1.02292
-0.594023,1.27524
6.69762,1.09443
-0.686023,1.19029
-0.778077,1.10535
-0.839498,1.04874
-0.900974,0.992146
-0.993313,0.907304
6.27861,1.55712
-1.05497,0.850778
6.21174,1.62758
-1.14761,0.76605
6.11079,1.73267
-1.24043,0.681441
6.00917,1.83711
-1.2988,0.624765
-1.3437,0.566848
-1.38925,0.478117
5.76982,2.07861
-1.41268,0.387681
5.66644,2.18131
-1.41793,0.326667
5.59736,2.24961
-1.41601,0.265194
5.52824,2.31787
-1.40151,0.172301
5.42462,2.4203
-1.38516,0.110014
5.3557,2.48868
-1.35212,0.016176
5.25271,2.59144
-1.3252,-0.0465943
-1.27861,-0.140988
-1.22569,-0.235597
4.98154,2.86717
-1.18744,-0.298758
4.91475,2.93658
-1.14713,-0.361975
4.8484,3.00621
-1.08332,-0.456883
4.74978,3.11107
-1.01612,-0.55187
4.65227,3.21645
-0.969718,-0.61521
-0.89812,-0.710122
4.49195,3.39307
-0.849252,-0.77327
4.42835,3.46396
-0.799613,-0.836274
4.36495,3.53492
-0.723929,-0.930441
4.27009,3.64144
-0.647034,-1.02413
4.17535,3.74798
-0.59522,-1.08629
4.11218,3.81896
-0.543039,-1.14819
4.04896,3.88989
-0.464199,-1.24051
3.95394,3.99614
-0.411328,-1.30171
3.89042,4.06684
-0.331657,-1.39293
3.79482,4.17265
-0.25165,-1.48344
-0.198171,-1.5434
3.63409,4.34412
-0.144556,-1.60307
3.56806,4.39448
-0.0637811,-1.6922
-0.00964101,-1.75142
0.0720837,-1.84006
0.126948,-1.89908
0.209872,-1.98759
0.265597,-2.0466
2.93978,4.38884
0.406566,-2.19437
2.86797,4.35612
2.75987,4.29999
2.39706,4.06808
2.3242,4.01559
2.0323,3.7914
1.95926,3.73243
1.8497,3.64219
1.77665,3.58096
1.48449,3.32889
1.4117,3.26455
1.23086,3.10244
1.05149,2.9387
0.944497,2.83977
2.08618,-3.94253
2.14252,-4.00447
0.696505,2.60716
2.28282,-4.15982
2.36664,-4.25335
2.42353,-4.30508
2.51108,-4.35907
2.60066,-4.38908
2.66124,-4.39785
2.75304,-4.39674
2.81472,-4.38779
2.87668,-4.37319
2.96999,-4.34213
-0.280774,1.66131
3.03236,-4.31615
-0.350676,1.59385
3.12604,-4.27051
-0.455765,1.4929
3.18854,-4.23624
-0.525995,1.42578
3.28227,-4.17999
-0.631612,1.32539
3.37592,-4.11881
-0.737567,1.22535
3.43829,-4.07572
-0.808392,1.15886
3.5006,-4.03105
-0.879322,1.09248
3.59395,-3.9615
-0.985798,0.992991
3.68717,-3.8894
-1.09222,0.893452
3.74924,-3.84015
-1.16307,0.826984
3.81127,-3.7901
-1.23379,0.760383
3.90423,-3.71374
-1.33552,0.659842
3.96615,-3.66211
-1.38648,0.591352
4.05895,-3.58378
-1.43772,0.486664
4.12078,-3.53106
-1.45726,0.415846
4.21347,-3.45136
-1.46785,0.308461
4.27523,-3.3979
-1.46403,0.236272
4.36783,-3.3173
-1.44433,0.127331
4.42953,-3.26334
-1.42309,0.0543758
4.52207,-3.18211
-1.38094,-0.0553631
-1.34693,-0.128637
-1.28846,-0.238603
4.76872,-2.96385
-1.22245,-0.348526
4.83037,-2.90894
-1.17494,-0.421739
4.89202,-2.85391
-1.12502,-0.494872
4.9845,-2.77113
-1.04626,-0.604391
5.04615,-2.71579
-0.991558,-0.677266
5.13864,-2.63256
-0.906739,-0.786355
5.20031,-2.57693
-0.848627,-0.858923
-0.75951,-0.967532
5.35451,-2.43738
-0.699,-1.03977
5.44705,-2.35336
-0.606864,-1.14795
5.50874,-2.2973
-0.544656,-1.21999
5.60127,-2.21318
-0.45036,-1.32805
5.69379,-2.12912
-0.355074,-1.43619
5.75545,-2.07314
-0.291092,-1.50836
5.8171,-2.01723
-0.226797,-1.58063
5.90954,-1.93351
-0.12987,-1.68924
6.06351,-1.7945
6.15582,-1.71144
0.129278,-1.97879
6.21732,-1.65622
0.194054,-2.05119
6.27878,-1.60114
0.258798,-2.12362
6.37092,-1.51874
6.43227,-1.46392
6.67685,-1.24465
6.73774,-1.1897
6.82883,-1.10708
6.91963,-1.02418
6.97999,-0.968732
7.07025,-0.885259
7.13024,-0.829397
7.19007,-0.773353
7.27954,-0.688938
7.32863,-0.631585
7.37921,-0.543479
7.39975,-0.483609
7.41399,-0.392449
7.41401,-0.330933
7.40219,-0.237767
7.38757,-0.175164
7.35722,-0.0806621
2.01379,-3.9878
7.31849,0.0144285
2.11503,-4.09021
7.28882,0.0780926
2.18253,-4.15856
7.25657,0.141942
2.25002,-4.227
7.20411,0.238017
7.16683,0.302238
2.42048,-4.37488
7.10785,0.398732
2.5255,-4.42373
7.04549,0.495318
2.63196,-4.44728
7.0022,0.559713
2.70351,-4.45111
6.95762,0.624086
2.77539,-4.44675
6.8885,0.720562
2.88365,-4.42691
6.841,0.784803
2.95602,-4.40604
3.06473,-4.36504
3.17352,-4.31421
6.6407,1.04092
3.24603,-4.2757
3.31851,-4.23402
3.42715,-4.16635
6.45334,1.26365
3.49949,-4.11828
6.37058,1.35812
3.60787,-4.04243
6.28705,1.45191
3.71609,-3.96277
6.23107,1.51417
3.78813,-3.90787
6.17492,1.57629
6.0905,1.66928
3.96788,-3.76551
4.14716,-3.61745
4.25451,-3.52652
5.80909,1.97925
5.75304,2.04145
5.6692,2.13497
4.50445,-3.30987
5.58572,2.22878
4.61135,-3.21555
5.53027,2.29148
4.68256,-3.15229
5.44729,2.38574
4.78926,-3.05686
5.39205,2.44866
4.86033,-2.99292
5.33685,2.51162
4.93134,-2.92874
5.25407,2.60608
5.03774,-2.83203
5.14401,-2.73485
5.03297,2.85765
5.32083,-2.57189
4.97753,2.9204
5.39145,-2.50638
5.46202,-2.4407
5.56776,-2.34187
5.67337,-2.24267
5.91933,-2.00995
4.50183,3.44976
5.98948,-1.94317
4.41695,3.54233
6.09461,-1.84281
4.33177,3.63463
6.19964,-1.74223
4.27482,3.69601
6.26959,-1.67507
4.21774,3.75727
6.3395,-1.60783
4.13188,3.84893
6.44429,-1.50682
4.07447,3.90988
6.51409,-1.4394
3.9881,4.00107
3.93036,4.0617
6.68841,-1.27058
3.84348,4.1524
6.7929,-1.16912
3.75632,4.24283
6.89732,-1.06754
3.69811,4.303
6.96689,-0.999737
3.63909,4.35286
7.03642,-0.931892
3.54898,4.40496
7.14063,-0.830037
7.21005,-0.762078
7.3141,-0.660059
7.37144,-0.590944
3.24059,4.43479
7.43091,-0.485004
3.17815,4.42168
7.45527,-0.413151
3.08433,4.3936
7.47243,-0.303922
2.99043,4.3571
7.4699,-0.19332
2.92783,4.32889
7.45897,-0.118982
2.83399,4.28173
7.43087,-0.00676098
2.7715,4.24747
7.4054,0.0683999
2.70906,4.21121
7.37528,0.143735
2.61552,4.15345
7.32259,0.256909
2.52212,4.09211
7.26228,0.370115
2.45994,4.04946
7.21851,0.445529
2.39782,4.00553
7.17228,0.520854
2.30475,3.93745
7.09898,0.633614
2.24278,3.89073
7.04784,0.708602
2.14992,3.81884
6.96825,0.82076
6.88577,0.93249
6.82943,1.00672
6.74322,1.11767
6.68476,1.19136
1.77952,3.51307
6.62558,1.26482
6.38235,1.55638
6.32008,1.62869
6.2257,1.73671
6.16215,1.80844
6.06593,1.91561
6.00122,1.98677
5.90333,2.0931
5.83754,2.1637
5.7381,2.26921
5.63787,2.37431
5.50325,2.51403
5.40178,2.61861
5.33401,2.68822
5.23224,2.79251
5.16435,2.862
0.0200303,1.85471
4.72323,3.31382
-0.069935,1.76807
4.62163,3.41828
-0.129934,1.71045
4.55389,3.48791
-0.18999,1.65294
4.48613,3.55753
-0.280245,1.56685
4.38438,3.66184
-0.370778,1.48094
4.28245,3.76598
-0.431323,1.42375
4.21436,3.83527
-0.522468,1.33806
4.11199,3.93898
-0.583471,1.28101
4.04357,4.00793
-0.644679,1.22399
3.97498,4.07673
-0.736806,1.13863
3.87177,4.1796
-0.829204,1.05356
3.76814,4.28205
-0.890954,0.997011
3.69879,4.35008
-0.952825,0.940595
3.62867,4.40613
-1.0458,0.856153
3.52211,4.4638
-1.10782,0.799908
3.45045,4.48701
-1.20084,0.715515
3.34242,4.50242
-1.26279,0.659186
3.27024,4.50149
-1.33483,0.572455
3.16198,4.48584
-1.36745,0.513077
3.08993,4.46717
-1.39666,0.42214
2.9822,4.42868
-1.40471,0.36049
2.91067,4.39696
-1.40213,0.266781
2.80392,4.34166
-1.39189,0.203627
2.73315,4.30032
-1.3656,0.108068
-1.32801,0.0116998
-1.29761,-0.052911
-1.26355,-0.11776
2.38445,4.05368
-1.20667,-0.215396
-1.16548,-0.280685
-1.09966,-0.378855
-1.02989,-0.477255
-0.981596,-0.542959
-0.932131,-0.608733
1.87197,3.60951
-0.856132,-0.707511
1.76999,3.51488
-0.804532,-0.773383
-0.726436,-0.871746
-0.674045,-0.93706
-0.595113,-1.03475
-0.542313,-1.09974
1.36143,3.12641
-0.462883,-1.19703
-0.409794,-1.26177
-0.329983,-1.35875
-0.249984,-1.45557
-0.19656,-1.52004
-0.143068,-1.58446
-0.0627158,-1.68099
-0.00907693,-1.74528
0.125245,-1.90583
0.205982,-2.00204
0.286839,-2.09814
0.340846,-2.16213
0.394962,-2.22602
-0.507027,1.4079
-0.578112,1.34311
-0.684444,1.24559
-0.755124,1.18033
-0.860839,1.08206
-0.931139,1.01626
-1.03636,0.917126
-1.10637,0.850728
-1.21122,0.750658
-1.28103,0.683627
-1.36188,0.580687
-1.39822,0.510446
1.74635,-3.71276
-1.43041,0.403158
1.83342,-3.80327
-1.43991,0.29402
1.89154,-3.86354
-1.43557,0.220439
1.97882,-3.95386
-1.4155,0.109072
2.03706,-4.01401
-1.3943,0.0342898
2.09535,-4.07413
-1.36767,-0.0408094
2.18284,-4.16424
-1.3189,-0.153875
2.27039,-4.25428
-1.26112,-0.267243
2.32879,-4.31428
-1.21834,-0.342903
2.38799,-4.36389
-1.1726,-0.418581
2.47839,-4.41536
-1.09917,-0.532057
2.53949,-4.43645
-1.04742,-0.607644
2.63208,-4.45131
-0.966226,-0.720877
2.69427,-4.45155
-0.910033,-0.796249
2.78805,-4.43961
-0.823096,-0.909107
2.8508,-4.42458
-0.763591,-0.984202
2.94511,-4.39302
-0.672334,-1.09661
3.00806,-4.36681
-0.610377,-1.17135
3.10248,-4.32091
-0.516425,-1.28274
3.19683,-4.26833
-0.421518,-1.39332
3.25966,-4.23014
-0.357806,-1.46665
3.35376,-4.16888
-0.261687,-1.57618
3.41639,-4.12574
-0.197298,-1.64892
3.47893,-4.08103
3.57255,-4.0114
-0.0354683,-1.83001
3.66594,-3.93916
0.0620895,-1.93826
3.72808,-3.88978
0.12727,-2.01028
3.82111,-3.81415
0.225161,-2.11809
3.883,-3.76285
0.290449,-2.18979
3.94481,-3.71092
0.355738,-2.26136
4.03739,-3.63202
4.12986,-3.55209
0.55189,-2.47548
4.19147,-3.49832
4.28385,-3.41702
0.716059,-2.65354
4.34543,-3.36245
0.781984,-2.72473
4.40702,-3.30763
4.49943,-3.22497
4.5919,-3.14186
4.65359,-3.08625
4.74621,-3.00255
4.808,-2.94659
4.86985,-2.89051
4.96273,-2.80623
5.02472,-2.74999
5.1178,-2.66567
5.21099,-2.58146
5.27319,-2.52541
5.33547,-2.46945
5.42902,-2.38569
5.52273,-2.3022
5.58529,-2.2467
5.64792,-2.19135
5.74198,-2.10861
2.29335,-4.30364
5.80477,-2.05364
2.36253,-4.36072
5.89906,-1.97147
5.96194,-1.91689
2.53921,-4.44383
6.05626,-1.83529
2.64691,-4.46047
6.11909,-1.78107
2.71915,-4.46034
6.21321,-1.69999
2.82792,-4.4459
6.27586,-1.64609
2.90061,-4.42807
6.36963,-1.56547
3.00975,-4.39088
6.43198,-1.51186
3.08253,-4.36007
3.19163,-4.30621
3.26429,-4.2659
6.67986,-1.2984
6.74138,-1.24524
3.44555,-4.15258
6.83326,-1.16562
3.554,-4.07758
6.89425,-1.11255
3.62616,-4.02523
6.98533,-1.03277
3.73415,-3.9438
7.0759,-0.952578
3.84185,-3.85948
7.13599,-0.898791
3.91347,-3.80195
7.19584,-0.844681
3.98496,-3.74353
7.28515,-0.762812
7.34436,-0.7077
7.41283,-0.623228
4.26953,-3.50339
7.45505,-0.536612
4.37567,-3.41157
7.47088,-0.47782
7.47819,-0.418272
7.47534,-0.327688
7.46546,-0.266573
7.44054,-0.174094
4.79732,-3.04139
7.41811,-0.112056
4.86725,-2.97951
7.37709,-0.0186351
4.972,-2.88658
7.3455,0.04379
7.29275,0.137513
5.14627,-2.73146
7.23456,0.231223
7.19322,0.293641
5.32018,-2.57607
7.15011,0.35599
5.38966,-2.51386
7.08262,0.449354
5.49379,-2.4205
7.03599,0.511473
5.56316,-2.35823
6.96398,0.60445
5.66712,-2.26482
6.91479,0.666293
6.83947,0.758857
5.84018,-2.10905
6.76251,0.851213
5.94384,-2.01532
6.71039,0.912686
6.01285,-1.95263
6.08178,-1.88974
6.18501,-1.79494
6.2537,-1.73141
6.44178,1.21922
6.35655,-1.63555
6.35901,1.311
6.45916,-1.53895
6.30336,1.37216
6.52742,-1.47412
6.24735,1.43331
6.16271,1.52503
6.69758,-1.31045
6.79932,-1.21111
7.20452,-0.806768
7.27193,-0.73862
7.36114,-0.635357
7.40232,-0.565258
5.44886,2.28603
7.44087,-0.458733
7.45321,-0.387033
7.45475,-0.27878
7.44602,-0.20629
7.42055,-0.0972725
7.39644,-0.0244904
7.35121,0.0847304
4.98048,2.79759
7.31583,0.157529
4.89948,2.88766
7.25611,0.266644
4.8456,2.94777
7.21246,0.339308
4.76488,3.03807
7.14211,0.448155
4.7111,3.09838
7.09239,0.520609
4.63042,3.18904
7.01424,0.629115
6.96007,0.701333
4.49578,3.34071
6.87619,0.809482
4.41481,3.43209
6.78963,0.917423
4.36073,3.49319
6.73066,0.989272
4.30655,3.5544
6.67083,1.06104
4.22507,3.6464
4.1706,3.70778
6.42453,1.3473
4.0063,3.89191
6.32994,1.45434
6.26636,1.52562
6.17031,1.63243
3.81279,4.10612
6.10588,1.70356
3.75712,4.16711
6.04117,1.77463
5.94364,1.88115
5.87836,1.9521
5.78018,2.05842
5.68202,2.16456
5.61672,2.23522
5.55157,2.30583
5.45407,2.41168
5.38917,2.48219
5.29188,2.58784
2.99709,4.34769
5.22703,2.65817
2.90067,4.30224
2.83642,4.26793
5.0649,2.83354
2.74017,4.21142
2.67612,4.17087
4.90286,3.00817
2.58027,4.10645
4.80577,3.11255
2.51652,4.06145
4.74113,3.18196
2.42114,3.99139
4.64433,3.28583
2.35771,3.94324
4.57984,3.35495
2.26282,3.86924
4.4831,3.4585
2.16824,3.79348
4.2568,3.69987
4.15939,3.80332
4.09427,3.87232
1.7928,3.47941
3.99627,3.9759
3.93071,4.04501
3.83201,4.14877
3.76594,4.21801
3.66612,4.31791
3.5981,4.36783
3.49414,4.41784
3.24563,4.44352
3.13764,4.42477
3.06538,4.40459
2.95673,4.36456
2.88418,4.33225
2.7753,4.27665
2.7027,4.23546
2.34047,3.99314
2.23239,3.9119
2.16055,3.8562
2.05316,3.77074
-0.374634,1.55973
-0.435793,1.503
1.45415,3.2598
-0.527215,1.4177
-0.618261,1.33216
-0.678753,1.27501
1.17718,3.01089
-0.769187,1.1891
-0.829278,1.13171
-0.889213,1.07423
0.934607,2.78937
-0.97883,0.987828
-1.06812,0.901218
-1.12747,0.843362
-1.21624,0.756403
-1.27526,0.698314
-1.33061,0.639859
0.407277,2.30273
-1.38902,0.549842
-1.42259,0.456964
-1.43328,0.393684
-1.43585,0.329598
-1.42651,0.232517
-1.41273,0.167473
-1.38255,0.0698029
-1.35702,0.00476219
-0.30724,1.64646
-1.31195,-0.0925578
-0.413202,1.54643
-1.2601,-0.189529
-0.518438,1.44564
-1.22239,-0.25398
-0.588195,1.37803
-1.18256,-0.318287
-0.657641,1.3101
-1.11941,-0.414506
-0.761255,1.20764
-1.07538,-0.478519
-0.830006,1.13902
-1.0069,-0.574383
-0.932776,1.03576
-0.959855,-0.638215
-1.00112,0.96678
-0.887534,-0.733888
-1.1035,0.863203
-0.838321,-0.797641
-1.17172,0.794144
-0.763246,-0.893257
-1.27408,0.690645
-0.686914,-0.988892
-1.36443,0.586392
-0.635445,-1.05268
-1.40608,0.515636
-0.557515,-1.14841
-1.44499,0.408176
-0.505143,-1.2123
-1.45737,0.335921
-0.452472,-1.27627
-1.46041,0.263362
-0.372939,-1.37242
-1.44989,0.154244
-0.319592,-1.43667
-1.43423,0.0814527
-0.23918,-1.53312
-1.39977,-0.0276804
-0.158506,-1.62938
-1.35412,-0.136666
-0.104571,-1.69342
-1.31845,-0.209208
-1.27916,-0.281641
-1.21439,-0.390061
0.112616,-1.94838
-1.14375,-0.498186
0.16733,-2.01176
-1.09393,-0.570101
0.249757,-2.10652
-1.01581,-0.677719
-0.96182,-0.7493
-0.906534,-0.820752
-0.821559,-0.927703
-0.734574,-1.03439
-0.675687,-1.10538
-0.616213,-1.17624
-0.526111,-1.28232
-0.465566,-1.35288
-0.374198,-1.45849
-0.312998,-1.52875
-0.22088,-1.63389
-0.159309,-1.70383
-0.0667877,-1.80849
0.0876606,-1.98228
1.36573,-3.2979
1.45473,-3.38652
1.51424,-3.44542
1.60374,-3.53353
1.66354,-3.59214
1.75341,-3.67987
1.84346,-3.76742
1.90357,-3.82571
1.96373,-3.88395
2.05403,-3.97124
2.11426,-4.02941
2.20461,-4.11666
2.2949,-4.20395
2.35504,-4.26221
2.41669,-4.31032
2.51309,-4.36027
2.57959,-4.3807
2.68144,-4.39466
2.75004,-4.39423
2.85305,-4.38122
2.92146,-4.36543
3.02334,-4.33274
3.09069,-4.30576
1.85746,-3.92673
3.19079,-4.25871
1.95534,-4.02735
3.25692,-4.22354
2.02129,-4.09421
3.35523,-4.16594
2.12113,-4.19413
3.4202,-4.12474
2.18823,-4.2605
3.51687,-4.05941
2.28956,-4.35969
3.58085,-4.01383
2.35796,-4.41391
3.67619,-3.9429
2.46184,-4.4692
3.73937,-3.89415
2.53166,-4.49105
3.8337,-3.81913
2.63681,-4.50485
3.92771,-3.74206
2.74195,-4.49952
3.99029,-3.68965
2.81183,-4.48707
4.05283,-3.63651
2.88146,-4.46852
4.14653,-3.55563
2.98536,-4.43083
3.08856,-4.38313
3.15697,-4.34666
4.39541,-3.33476
3.25901,-4.28608
3.32673,-4.2423
3.39429,-4.19616
3.49544,-4.12313
3.56283,-4.07223
3.66397,-3.99312
3.76527,-3.91121
4.97588,-2.79109
3.9008,-3.79853
5.06575,-2.70336
4.00289,-3.71196
5.36208,-2.40763
5.42079,-2.34793
5.50855,-2.25808
5.59596,-2.1679
5.65408,-2.10763
4.69489,-3.11208
5.74105,-2.01702
4.79957,-3.02151
5.79892,-1.9565
4.86934,-2.96129
5.8856,-1.86561
5.04362,-2.81143
6.00101,-1.74427
5.11323,-2.75178
6.08753,-1.65323
6.14521,-1.59253
5.28697,-2.6034
6.23178,-1.50153
5.39098,-2.51488
6.28954,-1.44092
5.46022,-2.45608
6.3763,-1.3501
5.56398,-2.36826
6.43424,-1.28966
5.6331,-2.30998
6.52135,-1.19918
5.73672,-2.22297
6.57957,-1.13901
5.80577,-2.16525
6.66719,-1.04902
5.90931,-2.07909
6.72581,-0.989239
5.97833,-2.02194
6.81411,-0.89992
6.08181,-1.93661
6.87325,-0.840643
6.15079,-1.88
6.96241,-0.752193
6.2542,-1.79547
7.0222,-0.693574
6.32311,-1.73935
7.11247,-0.606245
6.4264,-1.65553
7.17308,-0.548481
6.4952,-1.59983
7.2434,-0.457965
6.59808,-1.51661
7.28695,-0.361984
6.70029,-1.434
7.30325,-0.295984
6.76819,-1.37865
7.31068,-0.229132
6.83591,-1.32255
7.30755,-0.128248
6.93698,-1.23631
7.2973,-0.0609895
7.27164,0.0395429
7.10341,-1.08609
7.23561,0.139461
7.20178,-0.991988
7.20675,0.205686
7.26667,-0.927672
7.15735,0.30442
7.36287,-0.828914
7.12092,0.369837
7.42246,-0.761598
7.08209,0.434932
7.46727,-0.693201
7.01998,0.532039
7.51056,-0.589016
6.97632,0.596518
7.52569,-0.518808
6.90784,0.69308
7.53118,-0.41288
6.86039,0.757469
7.52506,-0.342094
6.78684,0.854171
7.50361,-0.235925
7.4823,-0.165219
7.4415,-0.0593074
7.39183,0.0464288
7.35461,0.116824
6.47287,1.24109
7.31463,0.187139
6.3915,1.33676
7.25034,0.292446
6.33686,1.40021
7.20509,0.362535
6.25433,1.49488
7.13435,0.467493
6.19893,1.55766
7.08562,0.537356
6.11527,1.65134
7.01062,0.642007
6.05914,1.71347
6.95958,0.711686
6.88177,0.816085
6.82922,0.885611
5.83193,1.95953
6.74958,0.989802
5.77452,2.02048
6.69605,1.0592
5.68801,2.11153
6.61522,1.16321
5.63009,2.172
6.56105,1.2325
5.54289,2.26239
5.48455,2.32245
6.42484,1.40556
6.3427,1.50929
6.28776,1.57841
6.20498,1.6821
6.14951,1.75125
6.06582,1.85504
5.86802,2.09763
4.7399,3.05781
5.63734,2.37582
5.57888,2.44556
5.49057,2.5503
4.43217,3.34165
5.43131,2.62022
4.33897,3.42584
5.34201,2.72514
4.2768,3.48193
5.28228,2.79505
5.19252,2.89978
4.12177,3.62258
5.1326,2.96948
5.04267,3.07379
3.87665,3.8508
4.89275,3.2469
3.81623,3.90877
4.8328,3.31585
4.74292,3.41894
3.42735,4.2637
3.32936,4.30082
3.26259,4.31394
3.19538,4.31897
4.23424,3.99182
3.09456,4.31349
4.14025,4.09026
3.02764,4.30234
4.07589,4.15529
2.92792,4.27614
2.82902,4.24025
3.87504,4.34713
2.76351,4.21174
3.80578,4.40994
2.69832,4.18004
3.7356,4.46124
2.60101,4.12725
2.53633,4.08893
3.55768,4.53326
2.43932,4.02724
3.45031,4.54543
2.3745,3.98354
3.37884,4.54326
2.27692,3.91457
3.27204,4.52712
3.20115,4.50896
3.09522,4.47232
3.02481,4.4425
2.91943,4.39096
2.81427,4.33263
2.74426,4.29068
1.72475,3.47498
2.67433,4.24668
2.56956,4.17753
2.46493,4.10537
2.39524,4.05595
2.32564,4.00567
2.22148,3.92897
1.25769,3.05528
2.15226,3.87715
2.04883,3.79858
0.807528,2.61747
0.572291,2.37907
0.513858,2.3191
0.426413,2.22895
0.368224,2.16874
1.14624,3.06674
0.281065,2.07831
0.223024,2.01797
0.136037,1.92737
0.0780823,1.86694
-0.00881111,1.77625
-0.0667245,1.71578
-0.153587,1.62507
-0.240459,1.53436
-0.298391,1.47391
-0.356343,1.41347
-0.44335,1.3229
-0.501445,1.2626
-0.588788,1.17235
-0.676446,1.0824
-0.735099,1.02265
-0.79395,0.963085
-0.882642,0.87416
-0.942079,0.815185
-1.03175,0.727244
-1.0919,0.669
-1.18275,0.582275
-0.578653,1.54883
-1.24023,0.524073
-0.64288,1.49083
-1.30314,0.430954
-0.738466,1.40445
-1.33175,0.365437
-0.801575,1.3474
-1.35728,0.263733
-0.895788,1.2617
-1.36469,0.159972
-0.989795,1.17455
-1.36101,0.0904771
-1.05236,1.11518
-1.35134,0.0210649
-1.1148,1.05465
-1.32703,-0.0825774
-1.20821,0.961661
-1.30509,-0.151255
-1.27031,0.898275
-1.26477,-0.253593
-1.36318,0.801282
-1.23351,-0.321369
-1.42111,0.73542
-1.18092,-0.422401
-1.48148,0.635006
-1.14244,-0.489404
-1.50653,0.567311
-1.0801,-0.589595
-1.52506,0.465199
-1.03574,-0.656309
-1.52655,0.397015
-0.965563,-0.756356
-1.51501,0.294833
-0.916698,-0.823017
-1.49936,0.226823
-0.840876,-0.922755
-1.46565,0.124927
-0.763073,-1.02135
-1.42144,0.0230629
-0.710326,-1.08638
-1.38702,-0.0448687
-0.656936,-1.15088
-1.34921,-0.112834
-0.575737,-1.24669
-1.28702,-0.214861
-0.520907,-1.30997
-1.24247,-0.282938
-0.437679,-1.40403
-1.17182,-0.385152
-0.353337,-1.49709
-1.09742,-0.487496
-0.296526,-1.5586
-1.04612,-0.555804
-0.239273,-1.6197
-0.9937,-0.624175
-0.913394,-0.726795
-0.831542,-0.829431
-0.00627841,-1.86028
-0.77632,-0.897836
0.0825128,-1.94911
-0.692745,-1.00039
0.142065,-2.00797
-0.63664,-1.0687
0.201875,-2.06656
-0.580293,-1.13697
-0.495417,-1.23928
0.382611,-2.24101
-0.410216,-1.34146
-0.353279,-1.40952
-0.296254,-1.47752
-0.210585,-1.57944
-0.1534,-1.64732
0.901472,-2.72815
0.0748161,-1.9184
0.962813,-2.78514
0.131488,-1.98604
1.05481,-2.87064
0.216088,-2.08743
1.1161,-2.92769
1.20794,-3.01336
1.26907,-3.07057
1.3606,-3.15658
1.42149,-3.21405
0.54899,-2.49194
1.51258,-3.30052
0.630825,-2.59282
1.57313,-3.35835
0.685089,-2.66
1.66366,-3.44541
0.955231,-2.99525
1.03692,-3.09566
1.09171,-3.16256
1.17448,-3.26287
2.16763,-3.9479
1.23007,-3.32972
1.31411,-3.42993
1.37059,-3.49671
1.45598,-3.59683
2.4569,-4.2476
1.51337,-3.66353
2.54883,-4.30978
1.59943,-3.76307
2.61305,-4.33742
2.71198,-4.36087
2.81204,-4.36577
1.83313,-4.02545
2.87867,-4.36031
2.94497,-4.34884
3.04364,-4.3219
3.10887,-4.29832
3.20596,-4.25573
3.27024,-4.22316
3.36612,-4.16889
3.42982,-4.12948
2.46777,-4.52848
3.52542,-4.06596
2.57408,-4.53875
3.58938,-4.02086
2.64479,-4.53515
3.68583,-3.94956
2.75035,-4.51673
3.78292,-3.87453
2.85525,-4.48519
3.84795,-3.82277
2.92488,-4.45803
3.91294,-3.76998
2.99433,-4.42668
4.00957,-3.68974
3.09827,-4.37295
4.07344,-3.63561
3.16745,-4.33342
4.16851,-3.55353
3.27107,-4.26965
4.26273,-3.47048
3.37457,-4.20163
4.32511,-3.41463
3.44351,-4.15444
4.38717,-3.35843
3.51244,-4.10609
4.47972,-3.27353
3.6158,-4.03183
4.5411,-3.21658
3.6847,-3.98143
4.63272,-3.13067
4.78423,-2.98623
3.96022,-3.77458
4.87444,-2.89884
4.9343,-2.8403
4.13226,-3.64192
4.99394,-2.78153
4.20103,-3.58827
5.08301,-2.69298
4.30413,-3.5072
5.14214,-2.63369
4.37283,-3.45279
5.37674,-2.39467
4.64733,-3.23243
5.43495,-2.33448
4.71589,-3.17669
5.52196,-2.24391
4.81868,-3.09264
5.57979,-2.18336
4.88718,-3.03638
5.66634,-2.09234
5.72394,-2.03157
5.05824,-2.89517
5.22903,-2.75347
5.954,-1.78817
5.33137,-2.6683
6.01151,-1.72732
5.39954,-2.61146
6.09786,-1.63611
5.50171,-2.52614
6.18432,-1.54501
5.60376,-2.44075
6.24206,-1.48437
6.29988,-1.42381
5.73966,-2.32676
6.3868,-1.33315
5.84145,-2.24117
5.90925,-2.18401
6.5322,-1.18256
6.0109,-2.09803
6.1125,-2.01164
6.67821,-1.03257
6.18023,-1.9538
6.73679,-0.972741
6.24795,-1.89572
6.82483,-0.883168
6.34954,-1.80816
6.88365,-0.823578
6.41727,-1.74948
6.97209,-0.734401
6.51887,-1.66098
7.03121,-0.675109
6.5866,-1.60165
6.68821,-1.51218
7.20587,-0.497364
6.78982,-1.42213
7.24834,-0.434535
6.85732,-1.36195
7.27905,-0.369062
6.92443,-1.30152
7.30574,-0.267898
7.02454,-1.20914
7.31271,-0.165458
7.12386,-1.11326
7.3082,-0.0972057
7.18944,-1.04705
7.29743,-0.0292214
7.25441,-0.978982
7.27116,0.0721183
7.35062,-0.873641
7.24784,0.139254
7.41389,-0.801449
7.20549,0.23941
7.48608,-0.69086
7.17295,0.305931
7.51769,-0.61604
7.11847,0.405665
7.54428,-0.502911
7.05779,0.505796
7.55002,-0.389535
7.01422,0.572964
7.54421,-0.314168
6.96841,0.64052
7.5318,-0.23912
6.89616,0.742417
7.5025,-0.127211
6.82149,0.843403
7.46245,-0.0160319
6.77077,0.910021
7.43082,0.0577208
6.71938,0.976128
7.39589,0.13121
7.33838,0.241
7.29724,0.313929
7.23221,0.422976
6.42731,1.33214
7.16406,0.53166
6.37287,1.39575
7.11728,0.60394
6.31812,1.45911
7.06964,0.676094
6.23552,1.55372
6.9969,0.784117
6.1802,1.61657
6.94773,0.856009
6.09688,1.71055
6.87317,0.963665
6.04106,1.77296
6.74684,1.14236
6.69558,1.2135
5.81487,2.01996
6.6179,1.31977
5.75749,2.08094
5.67075,2.17177
5.61246,2.23188
6.43287,1.56535
5.52435,2.32137
6.3519,1.66947
5.4354,2.41005
6.26991,1.77288
6.21469,1.84141
6.159,1.9096
6.07461,2.01127
5.78805,2.34587
5.73015,2.41222
4.76264,3.03898
5.64311,2.51149
4.7005,3.09509
5.58497,2.57752
4.60721,3.17919
5.49764,2.67639
4.545,3.23523
5.43935,2.74219
4.45171,3.31932
5.35185,2.84074
4.38957,3.37544
5.29348,2.90636
4.29646,3.45974
5.20587,3.00467
5.14742,3.07014
5.05966,3.16826
4.04946,3.68592
3.98815,3.74295
3.92707,3.80022
3.83592,3.88662
4.7659,3.49483
3.7755,3.94459
4.70688,3.56009
3.68545,4.03215
3.59618,4.12049
4.52932,3.75578
3.53714,4.17987
4.46997,3.82098
3.4446,4.24844
4.38101,3.91848
4.17068,4.14204
3.11284,4.31068
4.07568,4.23602
3.04644,4.30077
2.94777,4.27595
2.88262,4.25369
3.83928,4.44931
2.81794,4.22747
2.72166,4.18166
2.6578,4.1473
2.56217,4.09062
3.47947,4.60194
2.49831,4.04965
3.40699,4.60217
2.40218,3.98394
3.29868,4.58929
2.33784,3.93761
3.22682,4.57315
2.24103,3.86482
3.11949,4.53937
2.17634,3.81437
3.04822,4.51132
2.94162,4.46223
2.87072,4.42545
2.7646,4.36524
2.30754,4.05909
2.23757,4.00793
1.39749,3.11731
1.16132,2.87984
1.78471,3.66266
1.7154,3.60833
0.957521,2.66925
1.64619,3.5538
1.5426,3.47169
0.812901,2.51791
1.47368,3.41677
0.726347,2.42691
1.37052,3.33414
0.668697,2.36618
1.30189,3.27891
1.19916,3.19584
0.524644,2.21431
1.13082,3.14033
0.293964,1.97149
0.858514,2.91714
0.207304,1.88058
0.756665,2.83277
0.149476,1.82003
0.688784,2.77625
0.0916037,1.75952
0.00471086,1.66883
-0.0532737,1.60843
-0.140336,1.51791
-0.198436,1.45761
-0.285679,1.36727
-0.343908,1.3071
-0.431361,1.21695
-0.518965,1.12695
-0.577468,1.06705
-0.636075,1.00725
-0.72423,0.917794
-0.783202,0.858354
-0.402855,1.84207
-0.872036,0.769569
-0.931553,0.710675
-1.02135,0.622866
-0.675859,1.60381
-1.08162,0.564739
-0.743817,1.54428
-1.16891,0.477388
-0.845472,1.45503
-1.21223,0.41593
-0.91278,1.39569
-1.2553,0.319417
-1.01254,1.30653
-1.27599,0.220283
-1.11089,1.21558
-1.27935,0.153809
-1.17553,1.15327
-1.27561,0.0874015
-1.23928,1.08935
-1.25867,-0.0118208
-1.33304,0.990267
-1.2409,-0.0776677
-1.39422,0.922104
-1.20612,-0.176035
-1.48392,0.816816
-1.17829,-0.241404
-1.53186,0.745193
-1.13063,-0.339344
-1.57875,0.636491
-1.09537,-0.404751
-1.59566,0.563461
-1.03781,-0.503395
-1.60297,0.45355
-0.996622,-0.569663
-1.59753,0.38022
-0.931213,-0.669906
-1.57629,0.270265
-0.88551,-0.737263
-1.55455,0.196963
-0.814269,-0.838974
-1.5123,0.0869034
-0.765319,-0.906905
-1.47865,0.0134472
-0.690544,-1.00781
-1.42151,-0.0967568
-0.639776,-1.0744
-1.37984,-0.170166
-0.562239,-1.1732
-1.31319,-0.280091
-0.509638,-1.23835
-1.26658,-0.353202
-0.42943,-1.33499
-1.19421,-0.462546
-0.375134,-1.39873
-1.14471,-0.535197
-0.292556,-1.49336
-1.06908,-0.643764
-0.236809,-1.55584
-1.01797,-0.715849
-0.152256,-1.64871
-0.940546,-0.823516
-0.0953257,-1.7101
-0.888564,-0.894979
-0.810207,-1.00169
-0.757772,-1.07252
0.136051,-1.95225
-0.678797,-1.17839
0.224007,-2.0419
-0.599394,-1.2839
0.282929,-2.10139
-0.546207,-1.35411
-0.492813,-1.42423
0.431101,-2.24925
-0.412334,-1.52931
-0.331387,-1.63432
-0.277165,-1.70432
-0.222739,-1.77432
-0.14072,-1.87937
-0.00301555,-2.05463
0.191802,-2.30031
0.275937,-2.40538
0.417005,-2.57976
0.55919,-2.75289
0.616397,-2.82173
0.702585,-2.92449
0.760302,-2.99266
0.847274,-3.09436
0.934734,-3.19539
0.993331,-3.26237
1.0522,-3.32912
1.14106,-3.42889
2.1573,-3.89682
1.20069,-3.49523
1.29074,-3.59454
2.33801,-4.07129
1.38152,-3.69366
2.3981,-4.1296
1.44246,-3.75968
2.45808,-4.18802
1.50371,-3.82564
2.55234,-4.25455
1.59602,-3.92429
2.61829,-4.28355
2.71978,-4.30739
1.75263,-4.08675
1.91936,-4.2466
2.95808,-4.29143
1.98954,-4.30946
3.05909,-4.26159
2.09815,-4.40233
3.12604,-4.23581
3.22601,-4.1897
3.29249,-4.15463
3.39225,-4.09636
3.49251,-4.03199
3.55981,-3.98604
2.66509,-4.58252
3.62752,-3.93793
2.73977,-4.56858
3.72852,-3.86326
2.85061,-4.53678
3.79503,-3.8124
2.92371,-4.50927
3.89372,-3.73473
3.03219,-4.46
3.99123,-3.65557
3.13936,-4.40269
4.05559,-3.60201
3.2102,-4.36086
4.11942,-3.54782
3.28063,-4.31665
4.21419,-3.4654
3.55914,-4.12295
3.62816,-4.07164
4.52204,-3.18172
3.73133,-3.99332
4.58227,-3.12356
4.67188,-3.03556
4.73118,-2.97644
4.81952,-2.88717
4.07294,-3.72507
4.87805,-2.8273
4.14094,-3.67067
4.96539,-2.73703
5.02336,-2.67662
4.31077,-3.53411
5.11005,-2.58574
4.41277,-3.45192
4.48088,-3.39706
5.25402,-2.43379
4.58328,-3.31471
5.34023,-2.34245
4.68604,-3.23233
5.39767,-2.28153
4.75478,-3.1774
4.82371,-3.12249
5.54127,-2.12923
4.92753,-3.04013
5.59875,-2.06834
4.99703,-2.98525
5.68504,-1.97708
5.10174,-2.90296
5.77146,-1.88594
5.20701,-2.82069
5.82915,-1.82526
5.27749,-2.76586
5.88693,-1.76466
5.34816,-2.71099
5.97379,-1.67394
5.45442,-2.6286
6.0609,-1.58347
5.56089,-2.54603
6.11914,-1.5233
6.1775,-1.46327
5.70301,-2.43553
6.26533,-1.37349
5.80962,-2.35229
6.32407,-1.31382
5.88065,-2.29659
6.41248,-1.22461
5.98712,-2.2127
6.50127,-1.13578
6.09342,-2.12838
6.16417,-2.07192
6.65016,-0.988643
6.2701,-1.98682
6.71004,-0.930127
6.34056,-1.92982
6.86057,-0.78466
6.51609,-1.78621
6.92108,-0.726786
6.58602,-1.72825
7.01216,-0.640306
6.69058,-1.64073
7.10363,-0.554248
6.7947,-1.55245
6.86385,-1.49317
6.93271,-1.43357
7.03477,-1.3435
7.29411,-0.245399
7.13523,-1.25105
7.29861,-0.21236
7.16833,-1.21941
