1.25911,-0.0908041
0.13807,1.56259
0.814751,0.344807
-6.6039,4.12182
-1.04296,-2.88126
1.26609,-0.245292
0.264453,1.38287
1.87825,5.77586
-0.94783,2.52361
0.765963,0.568078
-6.59522,4.05762
-1.03658,-3.04817
1.28772,-0.408297
0.388872,1.20695
1.89943,5.81344
-0.938593,2.53688
-0.985076,-3.1188
1.30203,-0.49303
0.450862,1.11947
1.97136,5.79933
-0.858278,2.35128
-1.0271,-3.26379
1.33231,-0.664565
0.574756,0.944985
-0.76752,2.22622
-0.982914,-3.34632
1.36378,-0.837653
0.698242,0.771913
2.02014,5.83181
-0.711974,2.28459
-1.02939,-3.53645
1.37963,-0.925075
0.759259,0.688454
2.02423,5.82736
-0.684387,2.31551
-1.00798,-3.57672
2.00514,5.79868
-0.687791,2.02971
-1.01157,-3.75136
1.97554,5.75685
-0.676236,1.8294
-0.97039,-3.83198
1.95843,5.73541
-0.68329,1.68561
-0.986426,-3.95971
-1.2115,3.51373
1.91688,5.68843
-0.64375,1.66053
-0.939846,-4.02372
-1.21156,3.51393
1.43007,-0.802536
-0.60736,1.63395
-0.891688,-4.07566
-1.21532,3.50357
1.43007,-0.802542
-0.589294,1.62256
-0.864988,-4.0957
-1.21419,3.77688
1.42967,-0.792276
2.64799,5.89697
-0.552101,1.60551
-0.805377,-4.12425
-1.22857,3.73621
1.43746,-1.00535
-0.513984,1.59313
-0.875825,-4.4109
-1.23533,3.7074
1.43673,-0.98739
-0.494787,1.58759
-0.907354,-4.59048
-1.24941,3.64292
1.42968,-0.928477
-0.456221,1.57758
-0.861313,-4.64828
-1.26395,3.5747
-0.41777,1.56868
6.31714,1.97299
0.944322,1.5034
-0.811678,-4.69768
-1.27134,3.54013
-0.399202,1.56455
6.31714,1.97299
0.94456,1.50339
-0.785243,-4.71906
-1.28626,3.47055
6.30157,1.84061
0.94623,1.49032
-0.72837,-4.75581
-5.29499,5.60465
6.30002,1.83963
-0.666914,-4.78602
6.29925,1.83914
0.911349,1.75486
-0.636179,-4.80113
3.62104,5.97307
6.30242,1.85741
-0.573271,-4.83006
-1.33808,-5.3826
6.29037,1.90867
-0.508201,-4.85729
-1.33077,-5.37311
-5.1514,5.63632
6.28103,1.94128
-0.474509,-4.87013
-1.29742,-5.33131
-1.1698,5.23437
-5.16575,5.67218
6.26133,2.01187
-1.25546,-5.28123
-1.19889,5.32549
-5.19036,5.71025
6.24163,2.0834
-1.23193,-5.2544
-1.199,5.32582
-5.20454,5.72943
6.23178,2.11943
-1.17969,-5.19623
-5.23787,5.76915
-1.12429,-5.1357
-5.27432,5.80958
-1.09549,-5.10491
-1.03618,-5.04249
-2.0992,-5.60176
-2.10389,-5.59663
-2.10642,-5.58458
-2.09868,-5.55334
-2.08039,-5.51681
1.18824,3.78531
-2.06955,-5.49788
1.23129,3.87205
-2.04636,-5.45954
1.32496,4.05699
-0.881191,-1.41099
-2.02243,-5.42082
1.25404,4.20838
-0.881197,-1.41099
-2.01046,-5.40147
1.29627,4.3019
-0.877969,-1.37691
4.8777,5.89644
-2.63739,5.94834
1.38071,4.48894
-0.847341,-1.73888
4.83544,5.90512
-2.74032,5.97571
-3.45772,5.55915
1.22278,4.58353
-0.843961,-1.71627
4.80227,5.90795
-2.73852,5.977
-3.45848,5.55871
1.25757,4.67551
-0.836678,-1.6629
4.72403,5.90752
-2.72825,5.9832
-3.12375,5.76891
1.32942,4.86274
4.63916,5.90647
-2.70356,5.99421
1.40952,5.06142
-6.92072,-2.85059
4.59535,5.90584
-2.68209,6.00015
-3.15409,5.76982
1.45171,5.16324
-6.92071,-2.85059
4.50536,5.90428
-2.62796,6.01702
-3.19088,5.78659
1.5397,5.36981
-6.91736,-2.82894
6.34323,-0.945938
4.41147,5.90253
-2.56125,6.04079
-3.24156,5.81121
1.63056,5.57883
6.34313,-0.945813
5.54872,5.90095
4.36357,5.90164
-2.52417,6.05497
-3.26719,5.82279
1.67646,5.68376
-6.90377,-3.17248
6.34013,-0.937796
5.55148,5.90088
1.3438,-5.01456
-2.44536,6.08621
-3.31465,5.84389
1.7742,5.88903
-6.88855,-3.13023
6.33217,-0.899849
5.55788,5.90387
1.37026,-5.22893
-3.35976,5.86883
1.88979,6.07863
-6.87264,-3.08718
6.37219,-1.27504
5.56329,5.91641
1.38619,-5.33886
7.15744,-2.55567
-3.38135,5.8826
-6.86456,-3.06552
6.37981,-1.241
5.56583,5.92295
1.41811,-5.56478
7.14168,-2.51339
-6.84311,-3.02369
6.3999,-1.16444
5.55222,5.96509
1.45103,-5.79458
7.12072,-2.44923
-6.81629,-2.97483
6.41582,-1.07486
5.52079,6.01523
1.46775,-5.91001
7.11055,-2.41561
6.42282,-1.02774
5.5031,6.04071
7.09134,-2.34772
-4.6287,-6.00142
1.36561,5.48307
6.43685,-0.932016
5.4671,6.09347
7.07579,-2.28179
-4.59689,-5.98561
1.31988,5.4658
7.0697,-2.24967
-4.57382,-5.97543
1.2923,5.45452
7.01857,-3.59896
-2.12981,5.63194
6.41767,-2.21747
-4.52099,-5.95325
1.23061,5.42951
1.35875,-5.38421
-2.14975,5.64231
6.46007,-2.31579
-4.46372,-5.93009
1.16436,5.40275
7.01599,-3.77524
-4.89499,5.99527
1.35877,-5.38422
-2.167,5.65246
-4.43479,-5.91825
1.13103,5.38926
7.01591,-3.77689
-4.89056,6.00466
1.37909,-5.38621
-2.21431,5.6814
-4.37698,-5.89419
1.06441,5.36221
7.01401,-3.77323
-4.86869,6.04295
1.45523,-5.3882
-2.27927,5.71847
0.99612,5.33454
7.00784,-3.74841
-4.83439,6.08421
1.51935,-5.37196
-2.31626,5.73954
2.23021,5.6663
0.961698,5.32064
7.00444,-3.73608
-4.81723,6.10596
1.55647,-5.36331
-2.39577,5.785
2.21385,5.64552
6.9971,-3.71158
-4.78301,6.15092
1.63317,-5.34563
-2.4782,5.83193
2.18264,5.61268
6.98981,-3.68702
-4.74816,6.19663
1.69295,-5.30361
-2.51976,5.85553
2.16424,5.59514
6.98661,-3.67524
-4.7306,6.21954
1.7168,-5.27702
2.12476,5.55946
-4.69633,6.26507
1.75908,-5.22156
-0.997719,-4.99962
2.08497,5.52372
2.06426,5.5056
6.42787,4.85893
2.02069,5.46879
6.42787,4.85893
-1.42269,5.19336
3.22173,5.7879
1.97521,5.43148
6.42964,4.88499
-1.4227,5.19336
-0.991475,-5.32726
3.21686,5.78219
6.43061,4.90229
-1.00379,-5.53166
3.18792,5.7575
6.43197,4.94169
-1.01583,-5.7417
3.14579,5.73087
6.43283,4.99691
-1.42132,5.28802
-1.02169,-5.84859
3.1216,5.71682
6.43327,5.02615
-1.42528,5.32007
-1.06436,-5.7099
3.07149,5.68845
6.43407,5.08616
-1.43394,5.38898
-1.07902,-5.8954
3.01989,5.65985
6.43479,5.14829
-1.44326,5.46197
-1.08615,-5.98925
2.99387,5.64551
3.13414,-5.63167
6.4351,5.18013
-1.44802,5.49913
-1.09992,-6.17967
3.1341,-5.63167
-1.46177,5.57554
6.53896,4.03379
-1.11331,-6.37196
3.12786,-5.62901
6.53887,4.03482
-1.11989,-6.46849
-5.89598,-5.31349
3.11556,-5.62367
-1.28004,4.32464
6.53881,4.03541
-1.13293,-6.66177
3.07763,-5.60517
6.54399,4.04922
-1.14591,-6.85472
3.02716,-5.58219
-1.28826,4.34609
6.55393,4.0795
-1.1524,-6.95077
-5.76675,-5.35727
2.99952,-5.57036
-1.29499,4.36501
5.19225,-5.98344
6.55938,4.09764
-1.16536,-7.14109
-5.79038,-5.37687
2.9415,-5.54658
-1.31187,4.41456
5.20086,-5.98449
6.57026,4.13645
-5.83105,-5.39992
2.88132,-5.52257
-1.33133,4.47307
5.2393,-5.98905
6.5813,4.17746
5.04062,5.83394
-5.85627,-5.41207
2.85106,-5.51055
-1.34083,4.50452
5.26546,-5.99201
6.58693,4.19871
5.04058,5.83399
-1.27559,3.65663
-5.91582,-5.44071
-1.36006,4.56795
5.31761,-5.99626
6.60768,4.23962
5.04061,5.83486
-5.9811,-5.47182
-6.76702,-4.27574
-1.37966,4.63483
5.36976,-6.00001
5.50332,5.79938
-1.27951,3.66602
-6.01432,-5.48803
-1.3896,4.66965
5.39587,-6.00192
5.51093,5.79965
-1.25509,3.50014
-6.76776,-4.27478
5.43739,-6.01874
5.52614,5.8004
5.4467,-6.07451
5.5299,5.79962
5.4514,-6.10247
5.51473,5.79598
-1.18579,3.06575
-6.8057,-4.00149
5.48455,5.78842
-1.18064,2.96133
-6.8426,-4.05449
5.45119,5.78015
-2.68627,-5.92651
-6.86329,-4.08773
-2.67215,-5.92233
-6.90681,-4.16266
-1.14311,2.69533
-2.61027,-5.90314
-6.95136,-4.2425
-6.9739,-4.28388
-4.19377,-5.32914
6.56495,2.2795
2.97579,-6.06601
-4.19466,-5.32932
2.97579,-6.066
-1.12882,2.40453
-4.20036,-5.35508
-6.82214,-3.26002
6.57305,2.30204
3.00815,-6.1057
-1.11498,2.34885
-3.30329,-5.97138
-4.21252,-5.37706
-6.84082,-3.27984
6.57993,2.32277
3.03202,-6.13239
-1.11509,2.23815
-3.33155,-5.98435
-4.26053,-5.43408
-6.88485,-3.33048
2.51089,-6.10094
-1.12299,2.12911
5.47886,-5.69013
-4.32886,-5.50078
-6.9339,-3.38761
6.565,2.09236
2.54658,-6.13611
5.54269,-5.69835
-6.96178,-3.41629
6.57234,2.11336
5.53173,-5.74755
-7.01764,-3.47413
1.85252,-5.97282
-1.11328,1.83964
5.53775,-5.77749
-7.07365,-3.53248
1.67617,-5.88929
-1.10543,1.7835
5.54269,-5.79329
1.59222,-5.83829
-1.09596,1.68271
5.55732,-5.82758
-3.35692,-5.52635
-1.08232,1.57501
6.6326,4.47787
5.57436,-5.86541
6.6326,4.47787
5.58243,-5.88486
1.49752,-5.75566
-1.08968,1.42204
6.65512,4.50915
5.59907,-5.92479
6.69957,4.56698
5.61727,-5.96569
-1.06517,1.2559
6.72469,4.60235
1.51904,-5.7976
4.57879,-5.98908
-1.02048,1.13512
6.77601,4.68115
1.53667,-5.83333
4.58039,-6.02402
-1.00299,1.01773
6.82765,4.7618
1.55719,-5.8736
4.59785,-6.07076
-0.976863,0.953884
6.85357,4.80294
-4.90918,-6.02504
1.56908,-5.89539
4.6166,-6.09633
6.70683,3.68964
-0.903023,0.813136
6.90563,4.88702
1.59309,-5.93969
4.66168,-6.15098
-2.40788,-5.51833
-0.812885,0.661229
6.95801,4.97316
1.61728,-5.98466
4.71349,-6.20883
6.73302,3.72947
-2.40785,-5.51832
-0.763832,0.582796
1.62939,-6.00721
4.74012,-6.23818
6.75108,3.75674
-2.40752,-5.51539
-0.659705,0.422591
-5.31357,-5.93383
4.79343,-6.29703
6.78829,3.81085
-2.40602,-5.50255
-0.55061,0.259362
-5.37189,-5.90726
4.84678,-6.35585
6.82588,3.86546
-2.03912,-5.61608
-0.493498,0.176132
-5.39203,-5.88814
4.87351,-6.38523
6.84483,3.89357
-2.03218,-5.61004
-0.377108,0.00835157
6.56694,-4.69185
-5.42688,-5.83963
6.88281,3.94983
-2.01824,-5.59751
6.56694,-4.69185
-5.44866,-5.77976
6.92085,4.00643
-2.02653,-5.59178
6.57487,-4.68922
-5.4563,-5.7477
6.93988,4.0348
-2.03749,-5.58926
1.08242,-3.78682
6.65772,-4.44067
-2.06386,-5.58136
1.08241,-3.796
6.69495,-4.43644
6.58363,-0.0986371
1.08238,-3.82048
6.72866,-4.45597
6.58363,-0.0986367
1.05388,-3.31187
6.79269,-4.50761
6.56821,-0.0876593
6.83026,-4.54338
6.55249,-0.0747779
6.9084,-4.62138
6.52321,-0.521384
-1.42947,-5.34982
1.03899,-2.7225
6.98956,-4.70565
6.49115,-0.494791
-1.42948,-5.34983
7.03067,-4.74901
6.46781,-0.474639
6.40327,-0.414624
1.00642,-2.2481
6.32816,-0.334743
-1.40861,-5.4416
6.28928,-0.291995
-1.40651,-5.47237
1.00003,-1.96916
-1.40297,-5.53651
0.97906,-1.79264
-1.26778,-4.74592
-1.39995,-5.60331
0.972555,-1.70235
6.40556,-1.0848
-1.39871,-5.63832
-1.39642,-5.70975
0.944137,-1.31801
-1.30238,-4.61718
0.926225,-1.21743
-1.30849,-4.6317
0.883736,-0.998258
-1.32957,-4.68111
7.00553,-2.97744
0.831158,-0.762637
7.00553,-2.97747
-6.64308,1.75561
0.802013,-0.640578
7.00388,-2.98646
-6.64308,1.75561
0.739188,-0.388751
-6.62789,1.94806
-1.2152,-1.28081
0.670993,-0.127811
7.0649,-2.78368
-6.62227,1.94319
-1.2063,-1.26809
0.635656,0.00430693
7.05849,-2.79929
-6.6112,1.93139
7.04557,-2.83907
-6.58228,1.89258
7.03261,-2.88178
-6.5496,1.84419
7.02613,-2.90313
-6.53276,1.81854
-1.00062,-3.63059
7.01453,-2.94756
-6.49848,1.76545
6.40785,-2.18937
-1.01468,-3.64719
-6.46346,1.71067
6.39666,-2.30508
-6.68548,-3.59094
-1.02061,-3.66539
-6.4454,1.68241
-6.67127,-3.57143
-0.924243,-3.32701
1.29483,-4.6258
6.43611,-2.49148
-6.82418,-4.01726
1.29484,-4.6258
6.429,-2.50493
-6.85633,-4.09847
-0.91713,-3.20297
1.29255,-4.63411
6.3966,-2.52037
-6.92401,-4.1795
-0.939655,-3.25278
1.28309,-4.67166
6.34907,-2.51935
-6.96819,-4.21818
-0.949919,-3.28286
1.27807,-4.69708
6.32202,-2.51371
-7.06928,-4.28924
-4.12243,0.458495
1.27644,-4.17241
-1.21091,-2.6299
6.2639,-2.49688
-4.44064,0.751381
1.2695,-4.20846
-1.17777,-2.67744
-4.60078,0.898385
1.26757,-4.2324
-1.18442,-2.7253
-0.735376,-2.32198
-4.92106,1.19239
1.26721,-4.29513
-5.24134,1.4864
1.25098,-3.66542
0.957542,1.85688
-5.40147,1.63341
-0.679386,-1.8947
-5.72175,1.92741
-7.0787,-2.81384
1.23582,-3.48443
-0.698528,-1.73177
-6.04203,2.22142
-7.07868,-2.81383
6.54282,-2.05279
-6.20216,2.36843
-7.07904,-2.81669
6.54282,-2.05279
-0.634004,-1.49836
-6.52244,2.66243
-7.08189,-2.83369
6.54683,-2.04945
-0.664831,-1.37801
-7.0905,-2.47447
1.21757,-3.00296
6.55687,-2.02744
-0.641597,-1.29034
-7.09397,-2.48503
6.55271,-2.00339
-0.585943,-1.10139
-7.1081,-2.51976
6.54364,-1.94797
-7.11358,-2.54834
1.20055,-2.64832
6.53441,-1.89019
-7.11462,-2.56334
1.19539,-2.57366
6.52979,-1.86102
-1.23697,-3.85453
6.8167,-4.14891
-7.1171,-2.59918
1.17637,-2.43956
6.52047,-1.80188
-1.23057,-3.8402
6.82103,-4.1361
1.18265,-2.30601
6.51104,-1.74199
-1.15071,-4.08067
6.82963,-4.10998
1.19456,-2.23752
6.50634,-1.71203
6.84043,-4.0378
1.18471,-2.10137
6.84817,-3.95438
1.18769,-1.96772
-1.28213,-4.32609
6.85251,-3.9127
1.19098,-1.88956
-1.30707,-4.38511
6.86376,-3.83311
1.1797,-1.76273
-1.33002,-4.41031
1.18585,-1.63011
-1.34936,-4.41502
6.90172,-3.73469
1.17473,-1.58296
6.94248,-3.67739
1.1019,5.28106
1.1776,-1.43631
1.12608,5.5491
1.18192,-1.28167
-5.75927,5.64871
1.13933,5.6846
1.17684,-1.19699
-5.76786,5.65375
1.16634,5.95857
1.12315,-1.08448
-5.80702,5.67633
1.19348,6.23535
1.09305,-0.957825
-5.8338,5.69121
1.07889,-0.873208
-5.89916,5.72917
1.04734,-0.688422
-5.15663,5.77539
1.01098,-0.489019
1.49456,5.57812
-5.17314,5.79588
0.991614,-0.385784
1.49038,5.57005
-5.20614,5.83685
0.951548,-0.173489
1.46809,5.53143
-5.23915,5.87782
0.910281,0.0462917
1.45445,5.50463
-5.25565,5.89829
0.888796,0.158863
1.42269,5.44838
0.845827,0.384007
1.3868,5.38996
1.36829,5.36045
-1.42679,-5.45059
1.33093,5.3012
-1.3733,-5.3948
-0.777233,1.46664
-1.31081,-5.32086
7.01764,2.95808
-1.2795,-5.28388
7.01763,2.95808
-0.815678,1.55615
-1.2127,-5.20433
2.67397,5.9319
-3.05178,-5.65113
7.01766,2.93427
-1.14328,-5.12188
2.65274,5.92154
-3.05941,-5.6694
7.01768,2.91839
-1.10812,-5.0803
2.63486,5.91361
-3.06853,-5.68302
7.01771,2.88665
2.59176,5.8958
-3.09582,-5.71335
7.01772,2.8549
2.54869,5.87823
-3.12709,-5.74466
7.01771,2.83903
2.52669,5.86934
-3.1451,-5.7611
7.01768,2.80728
-2.17304,-5.67389
2.48226,5.85149
-3.18265,-5.79432
7.01731,2.77336
-2.17103,-5.67365
2.4376,5.83359
-3.2234,-5.82795
7.01698,2.75547
-2.16837,-5.6807
2.41523,5.82462
-3.24502,-5.84495
-2.15996,-5.70915
5.23493,-5.51367
6.99113,3.93658
-2.44809,-5.96113
5.15807,-5.5171
6.99112,3.93658
6.99066,3.91335
1.03116,1.37384
4.7013,-5.71248
6.98871,3.86281
1.0312,1.37381
4.49412,-5.81172
6.98712,3.83161
1.02723,1.3635
4.38245,-5.86729
6.9837,3.7616
1.00781,1.3183
4.15086,-5.98526
6.98184,3.68398
0.987365,1.72234
3.91184,-6.10796
6.9808,3.64418
0.968566,1.69586
3.7924,-6.16927
6.9787,3.5637
3.5523,-6.29298
6.97656,3.48268
-3.18994,-5.93507
-1.46007,-5.40299
-3.19018,-5.93513
-1.46963,-5.43209
-3.18064,-5.93112
-1.48852,-5.49065
4.99681,-6.14251
-3.13862,-5.91392
4.99687,-6.14251
-3.11454,-5.90418
-6.96664,3.14904
5.01705,-6.15311
-3.0629,-5.88398
-6.96663,3.14904
5.06329,-6.17651
-3.00906,-5.86348
-6.99192,3.11669
5.09133,-6.18984
-2.98171,-5.85317
-7.00564,3.09125
5.15221,-6.21677
-1.01863,4.70617
-2.92635,-5.8325
-7.02665,3.02906
5.21809,-6.24417
-1.07921,4.71447
-7.0485,2.94546
5.25266,-6.25813
-1.08801,4.8126
4.3931,-6.14115
-7.06145,2.8875
5.3251,-6.28643
-1.10437,5.01319
-1.22697,-3.64486
-7.08741,2.77104
5.40171,-6.31526
-1.12095,5.20831
4.40832,-6.15449
-7.11339,2.65402
-6.93527,3.9904
4.41122,-6.17096
-7.1231,2.59988
2.75236,-5.85634
-6.92691,3.9834
-4.49639,-5.96552
-1.14852,5.50063
4.40531,-6.22183
2.75122,-5.8569
-6.88848,3.95628
4.41762,-6.28252
-1.39282,-3.12945
-6.83527,3.92748
4.42601,-6.31362
-1.43744,-3.03603
6.02101,5.38983
-6.8083,3.90958
-1.17539,5.43686
4.4474,-6.37757
1.29882,4.24577
-1.54261,-2.84407
2.32913,-5.92207
-6.75322,3.87002
-1.17738,5.36984
4.47136,-6.4424
-1.11212,-2.79419
2.33818,-5.9588
-6.68742,3.82624
-1.19205,5.44489
4.48371,-6.4749
5.90923,5.41351
2.34569,-5.97792
-6.6527,3.80361
-5.01464,-6.0628
-1.12928,5.35372
1.25964,4.55327
5.93322,5.42147
2.37122,-6.0168
-6.58279,3.75779
-5.08643,-6.12823
-1.1365,5.49665
1.31097,4.75341
-1.15528,-2.64786
5.96012,5.43001
-6.51169,3.71154
-5.11036,-6.18093
-1.13511,5.57463
1.61571,-5.73774
5.97794,5.43516
-6.47559,3.68819
-5.14934,-6.30588
-1.13085,5.73367
1.25964,4.87668
-1.12675,-2.14947
-0.892243,4.37298
3.15241,-6.02215
-1.121,5.8859
1.57204,-5.65183
1.30537,5.06867
3.15254,-6.02217
-1.1145,5.96182
1.32916,5.16618
-0.897233,4.38289
3.03585,-6.02794
-1.09826,6.11779
1.37915,5.36492
-0.90988,4.4295
-1.73637,5.4064
3.03789,-6.03405
-1.07922,6.2772
1.23543,5.33178
-1.07208,-1.65678
-1.73914,5.41335
3.04038,-6.04553
-1.06891,6.35794
1.25361,5.42289
-1.09014,-1.5454
-1.73771,5.4104
3.0651,-6.07868
1.29223,5.60907
-1.07251,-1.37593
6.94692,3.21681
-1.70768,5.38741
3.11753,-6.12806
1.33282,5.7992
-1.03382,-1.19862
6.94691,3.21681
-1.65808,5.35476
3.14961,-6.15691
1.46411,-5.28964
1.35387,5.89582
-1.00409,-1.10201
6.95687,3.22134
-1.62968,5.3369
3.21943,-6.21896
1.39738,6.08883
-1.00274,-0.976006
6.99673,3.23946
-1.56845,5.29877
3.29237,-6.28201
1.3003,-4.77322
1.44199,6.27458
-1.00283,-0.848674
7.03676,3.25839
-1.50528,5.25878
3.32956,-6.31371
1.33061,-4.61241
1.46445,6.36836
-0.974226,-0.753741
7.05704,3.26908
-1.47337,5.23874
-2.45156,5.51467
2.35355,-6.04408
-0.773562,3.0901
1.41668,5.4751
1.50929,6.55532
-0.916811,-0.562499
7.10541,3.30133
-1.40876,5.20033
-2.45115,5.51455
1.32044,-4.64692
-0.854497,-0.365375
7.15648,3.3377
-2.45136,5.5147
2.37122,-6.05452
1.31466,-4.66987
-0.821095,-0.263809
7.18203,3.35602
-2.44445,5.51453
2.38924,-6.06507
-0.772206,3.14803
-0.750306,-0.0558766
7.2331,3.3928
-2.41348,5.51298
2.43888,-6.09441
-0.743117,2.74864
-0.675734,0.155885
-2.37206,5.50895
2.50113,-6.12886
-5.70974,5.73369
-0.637833,0.262355
-2.35137,5.50695
2.53408,-6.14658
-0.632299,2.40425
-5.70954,5.7336
-2.30878,5.50286
2.60002,-6.18203
-5.72774,5.72812
-2.26469,5.49856
2.66614,-6.21748
-5.744,5.72356
-2.24218,5.49638
2.69925,-6.23521
-5.78408,5.71506
-0.650235,1.95757
-5.82439,5.71396
3.47796,5.56503
-5.84765,5.71334
3.48551,5.57558
-5.89548,5.71174
3.51692,5.60841
-5.94463,5.7098
3.56295,5.64855
3.58713,5.66909
3.63529,5.7101
-0.572101,1.30058
1.43334,-5.45109
6.87814,0.0552127
3.68539,5.7515
-6.45881,-4.43249
1.43334,-5.4511
3.71102,5.77228
-6.45881,-4.43249
-1.02038,1.06278
1.4209,-5.46313
6.88877,-0.179125
3.76281,5.81381
-6.49047,-4.43698
-1.08154,0.871328
1.40384,-5.49199
6.87669,-0.182048
2.45751,5.54503
-6.53123,-4.44315
-1.11505,0.773757
1.39644,-5.51299
6.86896,-0.178098
-6.55467,-4.45038
-1.18452,0.574522
1.40568,-5.06926
6.85393,-0.156237
-6.61224,-4.47875
-1.26039,0.371601
1.39536,-5.10625
6.83814,-0.125656
2.35739,5.56992
-6.68232,-4.52553
-1.29983,0.269428
1.392,-5.13436
6.83027,-0.109505
2.36535,5.58107
-6.71765,-4.55099
-1.18884,1.86718
-1.38067,0.063654
1.39042,-5.20451
6.81456,-0.0761467
2.39967,5.61402
-6.78893,-4.60389
-1.24831,1.90961
-6.51085,-3.68669
-1.46289,-0.143192
1.39064,-5.28505
6.79881,-0.0421132
2.44964,5.65858
-6.86131,-4.66053
-1.42979,2.05838
2.47622,5.6822
-1.48762,2.10513
-6.50955,-3.68247
2.53029,5.72965
-6.50888,-3.69522
-5.36317,5.61258
2.58799,5.77803
-6.50973,-3.76056
-5.36317,5.61258
2.61817,5.80267
-6.50997,-3.79645
-5.3291,5.61176
1.68639,5.48864
1.32296,-4.23892
-6.52112,-3.85189
-5.27189,5.60642
1.68639,5.48864
-6.53583,-3.90187
-5.23958,5.6022
1.68853,5.49891
1.32867,-4.24069
-6.54319,-3.92687
-5.1706,5.5919
1.70086,5.54538
1.33005,-4.04001
-6.5579,-3.97685
-5.09874,5.58091
1.03939,-0.446156
1.72562,5.61018
-5.06256,5.57537
0.99709,-0.378737
1.48571,5.18251
-4.98986,5.56422
0.887135,-0.233547
4.79401,5.99707
-4.91693,5.55305
1.52137,5.30542
4.79402,5.99706
1.53064,5.34415
4.79402,5.99706
1.54956,5.4224
4.78739,5.99553
1.32722,4.65017
4.75906,5.98941
4.74223,5.98622
-0.796441,-1.39874
4.70856,5.97984
-0.796464,-1.39872
6.85352,-4.03868
4.67091,5.97328
-1.56163,4.32766
-0.791856,-1.38771
6.85352,-4.03868
4.65113,5.96999
-1.6037,4.42222
-0.773194,-1.33992
6.84729,-4.19811
1.188,-2.9103
4.61095,5.96339
-1.53125,4.52409
-0.753919,-1.27868
6.84312,-4.18837
1.21778,4.22938
-1.47867,4.6567
6.83487,-4.16717
1.2178,4.22938
-1.50944,4.74645
6.81801,-4.11988
1.17576,4.0395
-6.58301,-1.56358
-1.57678,4.93724
6.80086,-4.0691
1.22473,-2.51163
-6.58301,-1.56358
-6.52445,4.7166
-1.65019,5.13569
6.7922,-4.04306
-6.59564,-1.57774
-6.52445,4.7166
-1.68829,5.23615
6.77478,-3.9902
-6.64787,-1.63871
-1.54554,5.24658
1.25463,1.10072
6.75732,-3.93699
1.25433,3.68622
1.19417,-2.25234
-6.70671,-1.71603
-6.60494,4.59323
-1.60578,5.43134
6.74859,-3.91036
1.27405,3.65601
1.19957,-2.20574
-6.73849,-1.75961
-6.6102,4.60626
-1.63817,5.52535
1.31348,3.59574
1.23422,-2.08454
-6.80195,-1.84675
-6.6233,4.62773
-1.71384,5.73013
1.37689,3.5555
1.25651,-1.97008
-6.86573,-1.93497
-6.63797,4.65627
-1.79774,5.94162
1.27041,-1.90303
-6.89766,-1.97925
-6.64548,4.67179
-1.84082,6.05037
-1.3058,5.42189
1.01486,3.30666
1.28235,-1.79276
-6.96151,-2.06786
-6.66062,4.70363
-1.92918,6.27527
-1.37263,5.39372
0.933482,3.19722
1.30588,-1.67816
-6.67574,4.73884
-2.01936,6.50325
-1.37132,5.39138
1.30299,-1.64031
-6.54102,-0.59523
-6.68327,4.75692
-2.06464,6.61856
-6.72638,3.81629
-1.39364,5.385
1.32062,-1.53832
-6.54102,-0.59523
-1.43393,5.38173
1.33372,-1.44374
-6.56434,-0.567522
-6.75137,3.62668
-1.45408,5.37941
1.34665,-1.38254
-6.58634,-0.55193
-6.7646,3.63569
-1.49227,5.37428
1.34141,-1.29615
-6.5635,-0.300486
-6.7918,3.65878
-1.53303,5.37608
0.755419,2.65477
1.34516,-1.20841
-6.62237,-0.267844
-6.82162,3.70002
-1.55202,5.37732
1.35866,-1.15515
-6.65857,-0.251535
1.24959,2.67424
-6.83713,3.725
-1.59016,5.38166
1.25745,-2.18203
1.39504,-1.05017
1.2263,2.74458
-6.86871,3.78488
-1.11524,-4.68592
1.27353,-2.93267
1.43262,-0.942071
1.28083,2.89154
-6.90047,3.84806
-1.13932,-4.79575
1.45141,-0.88814
-6.91997,3.88417
-1.18977,-5.02147
1.41698,-0.862696
-1.24209,-5.2534
1.4505,-0.759564
-1.26864,-5.37041
1.47214,-0.702387
-1.32269,-5.60727
0.602708,1.80028
1.52184,-0.580717
0.52484,1.67737
-3.32437,5.65939
1.58619,-0.4415
-0.981678,4.0206
1.51208,3.68697
0.481878,1.60649
1.62409,-0.365557
-6.5368,0.823958
-0.98169,4.0206
1.53523,3.76897
6.67417,3.66736
0.379933,1.45018
-3.30918,5.65497
1.70903,-0.20419
-6.58555,0.99551
-0.984099,4.02621
6.67523,3.66983
0.264773,1.28385
-3.24511,5.63647
1.80002,-0.036751
-6.65471,1.18328
-0.983292,3.85316
6.67735,3.67475
0.204624,1.19971
-3.20828,5.62607
1.84627,0.0474886
-0.987876,3.86418
1.154,3.99949
6.6838,3.69746
0.0795981,1.02938
-3.90639,5.66195
-6.55871,1.23792
1.15407,3.99952
6.69109,3.73147
-3.85881,5.63809
-6.61223,1.4071
6.69479,3.75087
-3.8302,5.62368
-6.6386,1.4921
1.22159,4.27745
6.70223,3.79288
-1.48032,-5.47459
-3.76095,5.58945
-6.69425,1.66505
1.22515,4.27433
6.70953,3.83746
-1.47812,-5.47118
-3.68523,5.55292
-6.76092,1.84745
-0.983199,3.09765
1.23594,4.24048
6.71318,3.86018
-1.47373,-5.46437
-3.64633,5.53433
-6.5458,1.61386
1.2425,4.21758
6.72048,3.90585
-1.44999,-5.43904
-6.59028,1.77684
-1.42128,-5.4097
-6.62122,1.94842
-1.40576,-5.39474
-6.63514,2.03704
-2.04875,-5.60273
-6.66719,2.2203
-5.09116,5.84547
-2.18822,-5.60273
-6.70878,2.41476
-5.09116,5.84546
-2.22127,-5.59775
-6.73092,2.51423
-5.07648,5.84201
-2.27446,-5.57216
-6.7764,2.71527
-5.04396,5.83694
-5.02454,5.83433
1.4203,5.46107
-4.9829,5.82906
1.41798,5.46574
-4.93867,5.82359
1.40441,5.4783
-6.46734,2.1986
-2.79565,-5.74359
-4.91634,5.82084
1.70492,5.55154
-6.4616,2.18719
1.30131,0.956099
-4.87151,5.81531
1.68876,5.54819
-6.43885,2.15383
-2.9828,-5.74946
1.30136,0.956077
-4.82656,5.80978
1.65264,5.52587
-6.4063,2.10391
-2.92999,-5.73638
1.32244,1.10498
1.22523,-5.21475
6.73496,1.24814
1.63126,5.51155
-6.39224,2.07208
-2.89404,-5.72876
1.31505,1.10402
1.22521,-5.21475
6.73496,1.24814
1.58685,5.48221
-6.37033,1.9985
-2.82026,-5.71569
1.30917,1.09868
1.22572,-5.22376
6.74651,1.24913
-6.34777,1.92319
-2.74363,-5.70247
1.29645,1.07054
1.23005,-5.26345
6.80404,1.0042
-6.33643,1.88526
-2.70476,-5.69577
1.28866,1.04858
1.23526,-5.28867
6.82726,1.00364
2.41985,5.68549
-6.31368,1.80915
-2.62664,-5.68235
1.2706,0.989901
1.24603,-5.34287
2.50878,5.69132
-2.54834,-5.66914
1.26398,-5.38464
2.53999,5.68405
1.26957,-5.39903
1.27161,-5.41952
1.27401,-5.44129
6.91605,0.33701
0.865225,-1.22814
1.2754,-5.45285
6.96873,0.291897
0.839856,-1.38623
0.834126,-1.3814
1.09013,2.148
0.808357,-1.35318
1.10245,2.22619
0.878182,-3.32447
1.10973,2.31513
1.03121,-1.67957
1.10169,2.34098
0.835226,-3.06415
1.12312,2.44398
0.808023,-2.91135
-6.71136,4.06449
6.74923,-0.604088
1.10349,2.52302
1.06535,-1.98837
-6.71136,4.06449
6.74923,-0.604089
1.09178,2.53573
0.770367,-2.65821
-6.76326,4.0605
6.74417,-0.594062
1.06758,2.55321
0.808729,-2.38396
1.13504,-2.13815
-6.7655,4.05904
6.72381,-0.549288
1.06286,2.66285
0.844456,-2.3079
1.15667,-2.16092
-6.76943,4.05616
6.71345,-0.519896
1.05786,2.75158
-1.86752,0.290212
1.05257,-2.29693
-6.77877,4.04608
6.75808,-1.15698
1.03443,2.76689
-2.28171,0.787918
0.999074,-2.33425
-6.78616,4.04036
1.00532,2.76416
-2.48883,1.03679
1.01053,-2.35891
-6.78897,4.0396
0.989276,2.75747
-2.90306,1.53452
0.903085,-2.25305
-6.79377,4.03961
1.00882,2.94465
-3.31729,2.03226
0.834251,-2.12352
-6.79895,4.03737
6.70714,-1.49639
1.00853,3.08554
5.00134,5.81566
-7.02632,-2.76311
-3.52441,2.28113
0.785827,-1.97758
-6.80154,4.03621
6.68071,-1.52966
1.02308,3.19947
5.00134,5.81565
-3.93863,2.77887
0.76225,-1.81995
1.01889,3.3154
4.98827,5.82608
-4.35286,3.2766
0.749664,-1.79273
-1.03618,-1.23862
1.02625,3.42484
4.95757,5.83646
-6.99137,-2.89554
-4.55998,3.52547
0.744324,-1.78225
-1.03625,-1.23861
1.01752,3.44688
4.93724,5.84048
-6.99875,-2.87068
0.735513,-1.76726
1.12968,-3.25412
1.01684,3.56603
5.48619,5.8467
-7.00839,-2.80467
0.727153,-1.75247
-1.02329,-1.37266
1.19371,-3.38981
0.999014,3.61641
5.45868,5.85679
-7.01821,-2.73743
0.72334,-1.74568
-1.0201,-1.34735
0.984908,3.6318
5.43633,5.86668
-7.02343,-2.70195
0.71632,-1.73271
0.985913,3.76091
5.38148,5.8877
-7.03412,-2.62874
0.710112,-1.72011
0.97536,3.87622
5.32084,5.90906
-7.04494,-2.55325
0.707322,-1.71383
-1.00199,-1.81477
1.05274,-3.82699
0.958844,3.8881
0.702355,-1.70119
1.0102,-3.9522
0.922992,3.90642
0.959454,-4.04515
0.915395,4.04717
0.922389,-4.0801
0.938976,4.15602
-6.72569,-4.00003
-0.992699,-2.30012
0.903104,4.18284
-6.72542,-3.99892
-0.966728,-2.3818
0.967049,-4.4031
0.862146,4.1985
-6.72674,-3.98834
-0.952314,-2.41144
0.927616,-4.44561
0.839536,4.20183
-6.73563,-3.93884
-0.926075,-2.44686
0.787055,4.21274
-6.67844,-4.29719
-1.04191,-2.63186
0.719707,4.25101
-6.87027,-4.45708
-1.02791,-2.73976
0.824813,4.59105
-6.99979,-4.51588
-1.02528,-2.78964
0.768535,4.65638
-7.14723,-4.59621
-6.87083,0.330023
-1.01928,-2.91723
0.704465,4.70824
-7.22598,-4.64091
-6.87082,0.330023
-1.00905,-2.92833
0.670192,4.73056
-7.38857,-4.7325
-6.86471,0.252948
-0.997231,-3.06012
0.599044,4.77172
-6.86506,0.252247
-0.974855,-3.08079
0.525735,4.81056
6.81888,-4.08043
0.766178,1.55302
-6.86585,0.25167
-0.9769,-3.20598
1.14705,-5.15069
0.489085,4.82997
6.8179,-4.08119
0.766176,1.55302
-6.86962,0.273659
-0.947974,-3.20256
1.14143,-5.09328
0.414521,4.86806
6.82296,-4.06331
0.743263,1.9135
-7.11785,-3.54999
-6.87473,0.310806
-0.946421,-3.36595
1.31971,-5.33013
0.33874,4.90557
6.82709,-4.02741
-7.11784,-3.54999
-6.87749,0.33119
-0.9315,-3.36389
1.31455,-5.29082
0.300553,4.92424
6.82812,-4.0049
0.873287,2.20703
-7.11599,-3.55557
-6.8833,0.373592
-0.900201,-3.35643
1.30047,-5.20665
6.82918,-3.95406
-7.10853,-3.58296
-6.88939,0.417754
-0.899849,-3.56386
1.2732,-5.10307
6.72198,3.91086
6.83013,-3.90129
-7.10458,-3.60423
-6.8925,0.44026
-0.883739,-3.56601
1.2567,-5.04724
6.83057,-3.87449
-7.09556,-3.6573
-0.89828,-3.79388
1.22625,-4.92885
6.70921,3.74202
6.83143,-3.82089
-7.08517,-3.71884
-0.913863,-3.97466
1.19599,-4.80726
6.72802,3.7758
6.83227,-3.76704
-7.07972,-3.7511
-0.902456,-3.99577
6.74087,3.79788
-7.0686,-3.81743
1.91198,-5.55771
-0.879057,-4.03534
6.76635,3.84335
-7.05732,-3.88515
1.90111,-5.56012
-0.853318,-4.06459
6.79198,3.8925
-7.05165,-3.91916
1.87934,-5.56493
-0.895342,-4.3045
-6.64688,-1.34337
6.80493,3.91823
1.83583,-5.57466
-0.897282,-4.34006
-6.64643,-1.34424
6.82638,4.01991
-3.94196,5.66472
1.78635,-5.58322
-0.904799,-4.3655
-6.67126,-1.30984
6.84638,4.13859
1.75942,-5.58708
-0.907938,-4.37365
-6.68818,-1.28503
-4.00056,5.64967
1.70217,-5.59417
-0.913581,-4.38224
-6.72264,-1.2312
-5.41377,-5.68797
-4.06811,5.63769
1.642,-5.60072
-0.978173,-4.75136
-6.7572,-1.17485
0.943662,4.6994
-4.10365,5.63148
1.61184,-5.60399
-0.983494,-4.77055
-6.77443,-1.14626
-5.43393,-5.68405
-4.17643,5.6189
1.55131,-5.61052
-1.04439,-4.99895
-6.80802,-1.08766
-5.47863,-5.69916
-7.28516,-1.78775
-4.252,5.60608
-1.05555,-5.03383
-5.5293,-5.72105
-7.28395,-1.78585
-4.29109,5.59952
-1.05502,-5.04759
-5.55591,-5.73218
-7.28489,-1.79077
-4.37149,5.58612
-3.25896,5.73733
-1.15262,-5.20422
-5.61205,-5.75486
-7.29113,-1.81663
1.0276,5.57105
-3.27117,5.76156
-1.15482,-5.23345
-5.66636,-5.77568
-7.30004,-1.85341
1.05169,5.83583
-3.27745,5.77365
-1.16426,-5.24333
-5.68913,-5.78313
-7.30476,-1.87183
-3.30636,5.80298
-1.17452,-5.25594
-5.73491,-5.79805
-7.31455,-1.90967
3.33187,5.62506
-3.34408,5.83494
-1.17563,-5.26133
6.76808,1.3686
-7.32463,-1.94786
1.09127,5.91042
3.33252,5.62503
-3.3642,5.85126
-1.17389,-5.26227
6.76808,1.3686
-7.32969,-1.96699
1.1014,6.01979
-3.40595,5.88432
-1.16684,-5.26155
6.77699,1.38177
-7.3398,-2.00537
1.20182,6.05135
-3.44813,5.91744
-1.15617,-5.25855
6.8138,1.4404
1.22769,6.25727
-3.46933,5.93402
-1.15026,-5.2567
-6.72442,-3.68012
1.24061,6.36019
-6.72443,-3.68012
1.26644,6.56599
3.8434,-5.563
-6.7084,-3.65407
1.29186,6.77215
3.83833,-5.55849
1.91163,5.7568
-6.69338,-3.63065
1.30411,6.87559
3.81311,-5.54013
1.89941,5.75394
-6.65431,-3.56966
1.32791,7.08216
3.77273,-5.51765
1.84577,5.74723
-6.6061,-3.50131
-1.97764,5.74172
1.35123,7.28634
3.75232,-5.50165
1.81442,5.7439
-6.56991,-3.4654
-1.97755,5.74328
1.36287,7.38664
3.70861,-5.46898
1.74774,5.7349
-6.4761,-3.38565
-1.97726,5.74686
3.66216,-5.43553
1.67819,5.72444
-6.37512,-3.30321
-2.00137,5.7575
-3.29447,-5.59007
3.63826,-5.41859
1.64305,5.71909
-6.32462,-3.26198
-2.0216,5.76571
-2.96952,-5.75029
3.58955,-5.38433
1.57157,5.7081
6.7934,-0.157638
-2.07028,5.78557
2.78318,5.97776
-2.97352,-5.7513
1.49844,5.69686
6.79319,-0.157684
-2.12064,5.79984
2.77235,5.98409
-2.97935,-5.75559
4.9211,-5.62045
1.46141,5.69132
6.79278,-0.157777
-2.14832,5.79858
2.76509,5.98865
-3.00157,-5.77425
4.92193,-5.61991
6.79145,-0.158083
-2.20163,5.81071
2.74987,5.99838
-3.02537,-5.80388
4.89855,-5.60806
-1.48422,5.32107
-2.25535,5.82839
2.72999,6.00779
-3.03233,-5.816
4.87682,-5.59866
2.71894,6.01267
-3.03314,-5.82949
4.81985,-5.57633
-1.48707,5.32733
6.77226,-0.756868
2.69587,6.02291
-3.02178,-5.8338
5.47265,-5.67057
-1.51062,5.36392
6.75993,-0.737329
5.09829,5.72705
2.67211,6.03305
-3.01488,-5.83472
5.46815,-5.67172
-1.52543,5.39612
6.75367,-0.709594
2.66,6.03808
5.45914,-5.674
-1.5338,5.47193
6.7405,-0.634474
5.09852,5.74061
2.64008,6.05303
5.43677,-5.66948
5.09831,5.76146
5.4199,-5.66538
5.08988,5.76807
5.0549,5.77908
3.00735,-6.03285
-1.3676,5.01244
5.01574,5.80774
3.00735,-6.03284
-1.36789,5.0398
4.99707,5.81995
3.03582,-6.08269
4.95899,5.84897
3.07329,-6.13596
4.92994,5.85991
3.14772,-6.22927
-1.30272,4.24627
4.8811,5.8622
3.22422,-6.32318
3.26334,-6.37045
-1.3045,4.25289
3.3429,-6.46547
-1.31378,4.28376
3.42327,-6.56067
-1.32912,4.33066
3.46368,-6.60825
-1.33614,4.35838
2.11868,-6.02996
-1.27181,3.71739
-1.50813,-5.39615
-4.88288,-5.89259
-6.98264,3.26135
-1.51376,-5.47169
-4.88289,-5.89258
-6.98263,3.26135
-1.51703,-5.51192
2.00671,-6.02655
-4.87666,-5.90143
-6.98234,3.25447
-1.52385,-5.59475
2.03764,-6.05677
-4.85237,-5.93392
-6.98049,3.22218
-1.24523,3.2518
-1.53109,-5.68106
2.07864,-6.08993
-4.83384,-5.9545
-6.9756,3.17195
-1.53488,-5.72528
2.10138,-6.10755
-6.97176,3.14138
-1.54256,-5.81512
2.14994,-6.14463
-5.4565,-5.7249
-1.42644,-4.54085
-1.21696,2.99637
2.19949,-6.18291
-4.31934,-6.22018
-5.45689,-5.72473
-1.42946,-4.55962
2.22456,-6.20242
-4.30917,-6.23467
-5.45212,-5.725
-1.43695,-4.61019
-4.29835,-6.2701
-5.43002,-5.72096
-1.44311,-4.66701
-5.40382,-5.70174
-1.44653,-4.6976
-1.16634,2.65859
-5.3943,-5.69409
-1.45393,-4.76104
-1.08878,2.50812
-5.37245,-5.67821
-1.46175,-4.82617
-1.12123,2.42018
6.73019,-4.215
-1.30324,-3.69966
-5.34889,-5.66204
-1.0786,2.33929
6.73019,-4.215
-1.30325,-3.69966
-5.33693,-5.65353
-1.08391,2.23295
6.75844,-4.26411
-1.3044,-3.70468
-5.31269,-5.63568
-1.07923,2.13122
6.75375,-4.26335
-1.31073,-3.44494
-1.10373,2.09683
-1.31305,-3.4521
-2.93621,-6.07829
-1.10218,1.99253
-1.33065,-3.48375
-2.91901,-6.09244
-1.11006,1.89634
7.10986,-3.53633
-2.9126,-6.10643
-1.08587,1.82799
7.14057,-3.45791
-2.90991,-6.14352
-1.0922,1.73791
7.21039,-3.29935
-2.90723,-6.18056
-1.08944,1.65053
7.31116,-3.13178
-2.90589,-6.19907
-1.11884,1.62515
7.36998,-3.0422
1.35409,-4.18626
-2.90365,-6.2361
-1.13213,1.53636
-2.90204,-6.27322
-1.15766,1.4463
-2.90155,-6.29184
-1.14705,1.38861
-1.17346,1.30899
6.31475,3.16441
-1.0115,-2.23577
1.32147,-4.13867
-1.19596,1.23856
6.29977,3.07425
-1.02034,-2.0977
-1.19026,1.18517
6.2989,3.07394
-1.0227,-2.03987
-1.16529,1.05956
6.31046,3.11267
-0.989738,-1.92861
1.39793,-3.37749
-1.12588,0.915809
6.32855,3.18358
-0.978672,-1.81132
1.34133,-3.22074
-1.10161,0.838477
6.33841,3.22517
-0.958754,-1.74906
1.35989,-3.14333
-1.04588,0.675586
6.35928,3.31573
-0.912157,-1.6186
1.35784,-3.00963
-1.17731,0.65625
6.38086,3.41116
-0.840809,-1.4664
1.35652,-2.88937
-1.23755,0.683191
6.39173,3.45949
-0.798537,-1.38456
-1.27316,-5.15708
-1.20457,0.541618
6.41369,3.55708
-0.782915,-1.28214
1.33381,-2.71405
-1.27317,-5.15709
-1.16713,0.395513
-6.50864,-3.68921
-0.769803,-1.13986
1.32598,-2.58972
-5.10472,5.7176
-1.27496,-5.16469
-1.14668,0.320818
-6.50864,-3.68921
-0.722509,-1.05506
-5.11101,5.72632
-1.28272,-5.19783
-1.10322,0.169597
-0.62315,-0.883744
1.32408,-2.38831
-5.13984,5.76149
6.25961,2.19859
-1.20584,-4.77876
-1.05773,0.0182985
-6.55709,-3.54556
-0.50807,-0.705384
1.31364,-2.26153
-5.18028,5.79733
6.26849,2.19944
-1.20925,-4.79205
-1.03502,-0.0564907
-6.56782,-3.55475
-0.447662,-0.616396
-5.20149,5.81528
6.28656,2.20097
-1.21124,-4.83659
-1.26619,0.0785729
-6.5938,-3.58777
-0.31947,-0.439303
1.30159,-2.07635
-5.24713,5.85176
6.26941,1.91405
-1.21316,-4.89716
-1.25145,-0.0384464
-6.62418,-3.63459
-0.185078,-0.262344
1.2851,-1.95409
-5.29512,5.88855
4.79257,-5.80362
-1.21451,-4.93074
-1.24414,-0.097545
-6.64056,-3.66258
-0.116222,-0.173935
-5.31949,5.90698
4.79922,-5.80456
-1.22999,-0.217214
-6.67482,-3.72507
0.0241145,0.00309198
-5.36861,5.94391
4.8286,-5.80875
-1.22062,-0.340871
-6.71232,-3.78844
0.166708,0.180715
4.86624,-5.81417
-1.38256,-0.201881
-6.73564,-3.8201
4.885,-5.81687
-1.12504,-3.78932
-1.39091,-0.326814
6.82092,-1.15331
4.93116,-5.78802
-1.12504,-3.78933
-1.40256,-0.456167
-3.70737,5.82079
6.8209,-1.15338
1.21704,-1.34943
4.99896,-5.73278
-1.12601,-3.79536
-1.40951,-0.521912
-3.71095,5.82974
6.82107,-1.15855
5.036,-5.70266
-1.131,-3.82397
-1.41895,-0.659377
-3.72982,5.86797
6.82259,-1.18387
1.15898,-1.1507
5.11015,-5.6424
-1.00115,-3.38334
-1.40729,-0.816704
-3.7651,5.91434
6.82712,-1.2271
1.11548,-1.00957
-1.00309,-3.39672
-1.48443,-0.682232
-3.78691,5.93883
1.0989,-0.960892
-1.47026,-0.833517
-3.04448,5.8551
6.85834,-0.771544
1.03682,-0.816739
-1.50455,-0.875931
-2.90129,5.82478
6.84413,-0.831736
0.957395,-0.658202
-1.49682,-0.955528
-2.85779,5.82327
6.83201,-0.872225
0.912405,-0.574266
3.34948,-5.87199
-1.47006,-1.11491
-2.78143,5.82018
6.80104,-0.967478
0.815454,-0.399856
3.37913,-5.90411
-0.905923,-2.48537
-1.40791,-1.27912
0.709125,-0.212931
3.42641,-5.9452
-1.45567,-1.20348
6.91232,-0.168778
0.651834,-0.109675
-1.45009,-1.26608
6.91247,-0.168838
0.533993,0.0993638
-1.44908,-1.33397
6.90845,-0.187234
0.414287,0.310141
-1.42748,-1.40165
6.90538,-0.204259
0.354183,0.415823
-1.43619,-1.4766
6.89902,-0.249572
-2.10238,5.83544
-1.4287,-1.5646
6.89402,-0.300025
-2.11366,5.84778
-0.877928,1.28851
2.26399,-1.84651
-1.27052,-1.66182
6.89151,-0.325241
-2.13621,5.87246
2.72417,-1.75188
-1.21705,-1.79175
6.88649,-0.375613
-2.20031,5.92765
7.19785,-2.33856
3.18435,-1.65725
-1.17366,-1.83806
6.88225,-0.426
-2.28296,5.98829
3.41444,-1.60994
-1.14415,-1.90898
6.88066,-0.451417
-2.32714,6.01953
3.87461,-1.51531
-1.08422,-2.05253
-2.41655,6.08246
4.33476,-1.42068
-1.02153,-2.20121
-2.50444,6.14479
4.56484,-1.37337
-0.990197,-2.27566
1.52968,-5.70465
-2.54881,6.17618
-1.45236,5.58602
7.2062,-2.94995
5.02496,-1.27872
-0.927547,-2.42461
-2.6387,6.23952
7.23896,-3.06482
5.48497,-1.18408
-0.863179,-2.57537
1.52578,-5.7458
7.25767,-3.16283
5.71482,-1.13685
-0.830454,-2.65126
1.52389,-5.77899
7.27267,-3.20453
-0.76406,-2.80376
1.52393,-5.86025
-1.50434,-2.19789
-1.458,5.62263
1.16779,1.19632
-0.694275,-2.95871
1.52702,-5.9499
-1.43335,-2.33889
1.52951,-5.99698
6.36623,-0.930086
1.53568,-6.09285
1.54207,-6.18935
1.54529,-6.23767
7.13206,-4.3167
7.1989,-4.46117
1.26287,-4.69603
7.27255,-4.58119
1.26287,-4.69603
7.32246,-4.63908
1.2617,-4.71519
6.4696,-1.43076
1.26104,-4.7488
-0.933609,4.44504
6.48025,-1.44251
1.26138,-4.76958
6.49549,-1.44691
1.2099,-4.19989
-0.874394,4.33043
-6.6889,1.35922
1.20808,-4.21542
-1.39387,3.04312
-6.68875,1.35725
1.20506,-4.21424
-1.51353,2.73437
-6.68847,1.35331
-1.7533,2.1149
-6.68614,1.31842
-1.99333,1.49492
-6.68358,1.26614
-2.11338,1.18492
-6.68257,1.23866
1.1751,-3.4595
6.93481,3.17906
-2.35486,0.564611
-6.68139,1.93184
-1.06129,1.39497
6.52908,-2.1368
-2.59766,-0.0562705
-6.67969,1.90874
-1.05825,1.38545
6.52522,-2.13232
6.88776,3.37059
-2.71918,-0.366809
-6.6787,1.89121
-1.03126,1.67544
6.5175,-2.12337
6.87529,3.33888
-6.67672,1.85614
6.50204,-2.10559
-0.665152,3.29431
1.16473,-2.82842
6.85166,3.28937
-1.40077,4.81835
6.48637,-2.08859
1.17361,-2.74294
6.83847,3.2615
-1.28249,-4.68654
-1.42241,4.91425
6.47803,-2.07883
6.81164,3.20077
-1.30007,-4.89698
-1.46967,5.1151
6.46029,-2.05602
1.33775,4.00828
1.14341,-2.45786
6.78445,3.13642
-1.32211,-5.12045
-1.51943,5.32338
6.44219,-2.03114
-0.57651,2.87828
1.36784,4.10701
1.14591,-2.37806
6.77068,3.10333
-1.33371,-5.23434
-1.54433,5.42756
6.43302,-2.01809
1.33277,4.1834
1.17826,-2.23188
6.74297,3.03586
-1.26249,-5.13577
-1.59416,5.63597
6.86326,4.21253
6.41438,-1.99083
1.38839,4.37567
1.15686,1.00239
-1.27808,-5.33769
6.86325,4.21254
0.230049,-0.355593
1.41621,4.47182
1.16384,1.34215
-1.28621,-5.44001
6.87218,4.19947
0.34071,-0.569483
1.47304,4.66595
1.17811,2.02177
4.64362,-5.92405
-1.30332,-5.64786
6.90841,4.14205
-1.15112,2.82657
0.561571,-0.996916
1.3403,4.70184
1.19288,2.70119
4.64929,-5.9311
-1.32123,-5.85837
6.94628,4.06667
-1.21626,2.95624
0.780532,-1.42114
1.36175,4.79433
1.20048,3.04077
4.66065,-5.9452
-1.33033,-5.96422
6.96543,4.02514
-1.22121,2.96131
-0.417486,-4.00877
1.40717,4.98307
1.21592,3.71928
4.6916,-5.97708
-1.34864,-6.1765
1.08398,-1.57334
7.00383,3.94151
-1.22087,2.94602
-0.367799,-4.73436
-1.22552,-5.17698
1.45726,5.17966
1.23137,4.39347
4.7253,-6.01016
-1.36756,-6.39197
1.07409,-1.42294
7.04228,3.85681
-1.21921,2.92554
-0.313998,-5.45729
-1.2275,-5.17583
1.48378,5.28071
4.74395,-6.03338
-1.37721,-6.50043
1.069,-1.3481
7.05281,3.82003
-1.21895,2.91614
-0.285707,-5.81771
-1.22855,-5.17468
1.53859,5.4858
4.78491,-6.09315
-1.39742,-6.71829
7.05648,3.75788
-1.21922,2.89833
-0.227589,-6.53749
-1.22322,-5.16612
1.59453,5.69274
4.82608,-6.15291
-1.22042,2.8812
-0.168073,-7.25614
-1.38526,-5.31772
1.62287,5.79664
-1.05106,3.88831
4.84689,-6.18282
3.36922,-5.8873
-1.22119,2.87248
-0.138656,-7.6123
1.67981,6.00473
-1.05076,3.89031
4.88923,-6.24272
-1.22374,2.85434
-1.03652,3.86069
3.36793,-5.88697
-1.92702,-5.39897
-1.02673,3.83817
3.37714,-5.89207
-2.02211,-5.40348
-1.00629,3.78752
3.41648,-5.9129
-2.23669,-5.40942
-0.542979,1.29479
-0.985557,3.73235
2.7342,-5.9007
-0.505959,1.2936
-0.975134,3.70408
2.74177,-5.9107
-0.49037,1.29353
-0.954283,3.64732
-0.457627,1.30024
-0.933423,3.59032
1.50016,5.47882
-0.923002,3.5618
1.49623,5.47236
1.47646,5.44399
1.46052,5.42607
1.41933,5.3859
-1.27867,5.36604
1.37074,5.34081
-1.2787,5.36604
1.34525,5.31748
-1.27012,5.36025
1.293,5.27028
-1.42674,5.49489
1.23833,5.22203
-1.39482,5.46992
-2.98002,-5.63665
1.21,5.19745
-1.37655,5.44984
2.19467,5.66107
1.25254,-5.12677
-1.34109,5.40919
2.20647,5.65654
1.25254,-5.12677
-1.30027,5.36473
2.20794,5.6388
1.25027,-5.1359
-1.27858,5.34178
2.20364,5.62646
1.2409,-5.17639
-1.23406,5.29542
2.18861,5.59838
-3.96526,5.65082
1.23213,-5.23114
2.17143,5.56955
-3.96767,5.64866
1.23004,-5.26219
2.85386,5.82044
-3.97242,5.64433
1.07541,1.44703
1.22604,-5.32593
2.874,5.80576
-3.88597,-6.07489
-3.96395,5.62819
1.07817,1.40295
1.22225,-5.39092
2.8985,5.77676
-4.03133,-6.1656
-3.94306,5.61232
1.04911,1.79302
1.22038,-5.42356
-3.93154,5.60484
1.03942,1.76637
1.21665,-5.48892
-0.846431,-1.38345
-3.90721,5.58998
-0.846431,-1.38352
5.8733,-5.42908
-3.87897,5.57549
5.88086,-5.40655
-3.86487,5.5684
4.19947,5.44307
5.91658,-5.35844
1.05482,-3.88077
-3.8365,5.55399
4.20075,5.44194
5.97226,-5.30312
1.07092,-3.34225
4.20405,5.45236
6.00403,-5.27372
1.06977,-3.35439
4.22087,5.50173
6.0715,-5.21332
3.73886,5.80991
6.14056,-5.15225
1.06617,-2.82997
6.17543,-5.12157
6.24578,-5.05995
1.04803,-2.53222
6.31791,-4.99754
1.04622,-2.35574
-4.8435,-5.76652
1.03454,-2.06501
5.16749,-5.54124
-4.83227,-5.7643
1.02249,-1.90673
5.18643,-5.54269
-4.78161,-5.75394
5.2007,-5.54339
-4.74771,-5.74651
-4.32557,6.23326
1.00378,-1.64107
5.23726,-5.54513
-4.67483,-5.73055
3.1486,5.61317
-4.32444,6.23521
0.982777,-1.46158
5.27951,-5.54694
-4.59774,-5.71365
-4.32421,6.23122
0.967161,-1.37083
5.30113,-5.54784
-4.55878,-5.7051
-5.44673,-5.81114
-4.32153,6.21451
0.947124,-1.19381
5.34439,-5.54962
-4.47893,-5.68779
-5.44135,-5.80996
-4.30925,6.20586
0.90938,-0.993461
-4.39392,-5.66601
5.16095,5.93728
-5.42554,-5.807
-4.30338,6.20557
0.883412,-0.886723
-4.34778,-5.64894
5.16193,5.93738
-5.37839,-5.79918
-4.10108,5.62815
0.821968,-0.663361
-5.32083,-5.79002
-3.91184,5.66968
0.747745,-0.422875
-5.29057,-5.78523
0.70686,-0.298111
4.01722,-5.61813
-5.22808,-5.77535
0.619626,-0.0429556
4.0257,-5.61617
1.05314,5.18975
-5.16372,-5.76512
4.06579,-5.60791
1.1035,5.40569
2.30172,5.59904
-5.13133,-5.76001
4.09507,-5.60317
1.12988,5.51716
2.20851,5.65504
5.96566,5.80111
-5.06629,-5.74977
4.16115,-5.59838
1.1911,5.74041
2.21243,5.65991
6.07409,5.7762
3.48138,-5.73072
1.25562,5.96404
2.21689,5.66769
6.18002,5.77079
-1.15447,-5.07327
3.49364,-5.74271
1.28667,6.07678
2.22447,5.67524
-3.30914,5.67982
-1.19621,-5.27242
3.52011,-5.77449
2.25239,5.69935
-3.31319,5.68131
-1.24458,-5.48248
3.55674,-5.83304
1.87446,5.72255
-3.32129,5.6843
-1.26978,-5.58915
3.5816,-5.86742
1.85358,5.7363
-3.35338,5.69295
-1.32103,-5.8046
-6.71269,4.32905
1.81922,5.75654
-3.40236,5.70421
3.04909,-5.76049
1.80133,5.79021
-3.42954,5.71015
3.04786,-5.7689
-6.7151,4.33237
-3.48592,5.72211
3.04868,-5.80233
-6.72846,4.34842
-3.54396,5.7342
-1.32143,-5.39231
2.75858,-5.83696
-6.75422,4.37726
-3.57335,5.74027
-1.32144,-5.39231
-6.76865,4.39934
1.57247,5.59348
1.08093,1.32773
-3.63225,5.75242
-1.30075,-5.37104
-6.79928,4.4503
1.57247,5.59348
1.08093,1.32773
-6.4298,-4.68734
-1.27331,-5.34268
-6.8226,4.47415
1.57213,5.59433
-6.4298,-4.68734
-1.25787,-5.32739
2.62274,-5.79079
-6.83314,4.48095
1.57181,5.59624
1.14488,1.70407
-6.43448,-4.68813
-1.22191,-5.29369
2.62068,-5.81696
-6.85503,4.49314
-6.4582,-4.70029
-1.1808,-5.25707
1.57623,5.1226
-2.04785,5.77562
-6.49819,-4.383
-1.15975,-5.23856
1.58413,5.11677
-1.95535,5.81394
-6.53755,-4.41129
-1.11674,-5.20118
-1.93699,5.87622
-6.58924,-4.44649
-1.07141,-5.16297
-2.21587,-5.58671
-1.93114,5.95057
-6.62139,-4.46985
-2.21727,-5.58718
-1.92762,5.99239
-6.69623,-4.52713
-6.70725,4.36337
-2.21161,-5.58052
-1.91217,6.09144
-6.77855,-4.59005
-6.71504,4.36223
-2.17848,-5.54885
6.63756,4.04323
-1.88813,6.22208
-6.82185,-4.62396
-6.73065,4.35982
-2.15685,-5.52889
6.63756,4.04323
-1.87691,6.28911
-6.76236,4.35426
-2.1222,-5.47654
6.64162,4.04467
-1.85449,6.4231
-6.79659,4.36198
-2.08783,-5.41902
6.63879,3.69555
-1.83224,6.55754
-6.81523,4.37265
-2.06991,-5.38997
6.64207,3.6954
1.23063,4.25271
-6.85485,4.40355
-2.03183,-5.33106
6.6499,3.70188
-3.00983,-5.70961
-6.8947,4.43615
6.66191,3.72888
-3.01203,-5.71319
-1.48344,5.26423
-6.9147,4.45296
6.66848,3.74261
-3.01204,-5.71874
-1.46443,5.2892
1.53178,-5.49786
-6.9547,4.48679
6.68362,3.77975
-2.98809,-5.72662
-1.44129,5.36314
1.56457,-5.77172
6.69942,3.82015
-3.52467,-5.73408
-1.41764,5.44602
1.58106,-5.9097
-3.52047,-5.73251
-1.40491,5.48762
1.61429,-6.1879
-3.5043,-5.71587
-1.37946,5.57144
1.64779,-6.4677
-3.4626,-5.68789
-1.35407,5.65742
1.66463,-6.60813
1.09742,3.48028
-3.43701,-5.67276
-1.3414,5.70085
1.69841,-6.88926
1.45181,-5.13038
-3.38182,-5.64126
-1.31605,5.78794
-6.83607,1.12816
1.45025,-5.17252
-1.2688,5.87068
-6.83607,1.12809
1.45093,-5.19706
-6.83735,1.14111
1.4554,-5.25493
-6.84482,0.856689
1.46046,-5.31817
1.00493,2.83729
-6.84744,0.879623
1.46295,-5.35055
-6.85325,0.942408
1.46806,-5.41622
0.975219,2.67884
-6.33606,-2.47138
-4.67296,-5.84624
-1.41521,3.86277
1.2894,5.30204
-6.8575,1.02417
1.47326,-5.4826
1.02642,2.54942
-6.38889,-2.49179
-4.6396,-5.84273
6.68389,1.756
-6.85918,1.06786
1.02543,2.47417
-6.41777,-2.50344
-4.62213,-5.84381
-1.41811,3.74034
1.40141,-4.2352
1.02321,2.31738
-6.47787,-2.52927
-4.5955,-5.85278
1.40141,5.45141
1.00039,2.19094
-6.54687,-2.56422
-4.56456,-5.86166
-1.3901,3.79585
1.38848,5.40398
6.65449,1.66041
5.54675,5.89178
0.963275,2.15765
-6.58419,-2.58401
-5.32487,-5.87544
1.37844,5.37593
6.64631,1.67024
5.54675,5.89178
-6.88277,-0.0260239
1.42435,-4.27276
0.991052,2.01485
-6.65909,-2.62412
-5.33093,-5.88616
1.35833,5.31987
6.62396,1.68462
5.55458,5.90942
-6.16448,-1.85044
-6.88282,-0.0259594
1.44618,-4.30815
0.984755,1.8802
-6.73586,-2.66732
-5.30361,-5.88593
1.33648,5.26218
6.60531,1.71811
5.55092,5.93418
-6.8746,-0.0215268
1.45779,-4.32952
0.984094,1.79748
-5.28452,-5.88421
1.32525,5.23307
6.5965,1.73789
5.54652,5.94809
-6.16498,-1.7706
-6.8401,0.00209733
1.48149,-4.37568
0.954457,1.66603
1.31733,5.18001
6.57777,1.77639
5.53726,5.9789
-6.17185,-1.7671
-6.79974,0.0464895
1.42032,-3.61602
0.936159,1.55066
6.55829,1.81435
5.52783,6.01108
-6.18071,-1.76343
-6.77773,0.0728109
1.43021,-3.61925
0.933056,1.47267
6.5485,1.8333
5.52304,6.02765
-6.18584,-1.76148
-6.7314,0.123788
1.4297,-3.65748
0.929995,1.28708
5.51341,6.06116
-6.19718,-1.75747
-6.67993,0.171518
1.42792,-3.33795
0.929306,1.07666
5.50373,6.09481
-6.20969,-1.7533
-6.65184,0.194428
0.929372,0.966608
-6.21618,-1.75118
-6.5912,0.239354
0.930129,0.740596
-6.22956,-1.74995
0.931633,0.510892
0.932391,0.396035
0.934297,0.163845
-1.29307,1.74476
-1.27925,1.62847
-1.28855,1.49227
-1.27603,1.30636
-1.26793,1.16344
-1.25844,1.07877
-1.25003,0.948536
-1.23109,0.778852
-1.21999,0.687171
6.66048,3.75898
-1.1962,0.495734
5.38473,5.96382
-1.16644,0.288507
5.38472,5.96382
-1.15035,0.18105
5.37369,5.9643
-1.11731,-0.0380627
6.69814,3.66357
5.32713,5.96565
-1.08339,-0.260398
6.70879,3.68898
5.30009,5.9656
-1.06613,-0.372456
6.73117,3.7446
5.24411,5.96551
6.75419,3.80457
5.18665,5.9654
6.76579,3.83526
1.59465,-1.24944
5.15765,5.96536
6.78911,3.89729
1.66826,-1.17776
5.09934,5.96531
1.76446,-1.10266
5.04683,5.96492
-6.78851,-3.64864
1.59557,-1.06426
5.02952,5.96419
-6.35246,1.19034
-6.78845,-3.64918
1.674,-0.988982
-6.81371,-3.61496
1.77114,-0.927035
-6.83206,-3.58536
1.82612,-0.899565
-6.32703,1.32873
-6.87176,-3.51281
1.94383,-0.847497
-6.3048,1.31742
-6.91145,-3.44027
2.06573,-0.796238
6.67785,1.93629
-6.2683,1.27767
0.655693,-1.63145
-6.93129,-3.404
2.12787,-0.770605
-6.24732,1.25412
0.655227,-1.63184
-7.05358,-3.04132
2.25314,-0.719276
-6.20113,1.20111
0.625083,-1.86823
-7.10239,-2.98263
2.37942,-0.667972
6.72443,1.78804
-6.15259,1.1441
-7.1212,-2.95769
6.74677,1.80914
-6.12707,1.12237
-6.48551,2.13511
-1.18411,-1.17966
-6.48551,2.13511
-1.18417,-1.17963
6.82719,4.09588
-6.49319,2.16155
-1.12677,-1.46188
-7.28557,-2.17003
6.82719,4.09589
-6.48628,2.17359
6.93569,0.864075
6.82964,4.11977
-6.47897,2.17019
6.8313,4.13567
-6.46184,2.15044
-1.21502,-1.69409
6.88129,-4.04515
6.83459,4.16825
-6.44284,2.12408
6.84884,-4.18858
-7.4045,-1.82261
6.83768,4.20337
-6.43291,2.10923
6.84871,-4.18909
-7.44365,-1.79721
6.8392,4.22153
6.91307,3.21056
-6.4128,2.07803
6.8316,-4.16166
-7.5285,-1.75038
6.84205,4.26011
-6.39244,2.04551
6.8045,-4.11556
-7.62125,-1.70841
6.84471,4.30148
6.91355,3.20355
6.7902,-4.09096
6.84442,4.3217
6.91144,3.19402
6.7614,-4.04118
6.90265,3.16157
6.7322,-3.98951
6.89389,3.13103
6.71748,-3.96325
6.8896,3.1179
6.68792,-3.91023
6.88092,3.0949
6.79746,-0.552377
6.89371,3.05099
6.79746,-0.552378
6.90369,3.02565
6.77925,-0.741534
6.7737,-0.735149
6.7628,-0.720347
6.73945,-0.669275
1.24233,1.38301
6.71786,-0.600724
1.24233,1.38301
6.70711,-0.563548
1.24156,1.36975
6.68489,-0.486682
1.2249,1.31288
5.12982,-0.994162
4.07224,-0.235212
5.07833,-0.986256
5.2702,0.433847
4.04089,-0.242946
4.97627,-0.974337
4.82126,1.05748
5.97982,2.31447
3.97163,-0.258652
4.82537,1.01918
5.04348,0.814132
3.89877,-0.274258
4.82201,1.00599
5.9909,2.31519
3.86109,-0.282385
6.16031,-1.57869
5.02386,0.900922
5.96332,2.32551
3.78295,-0.29914
6.29594,-1.81076
4.83068,1.20721
5.88266,2.26474
3.70226,-0.316316
6.45154,-2.11129
4.8225,1.20618
3.66124,-0.325046
5.96344,-0.940599
6.76682,-2.71542
4.80919,1.25883
2.28063e-05,-6.28231e-06
5.9707,-0.969476
4.83704,1.22421
5.97283,-0.978004
4.81112,1.27299
5.97766,-0.997408
4.74933,1.38566
5.6761,2.36903
5.9736,-1.00511
4.7209,1.43488
5.6477,2.38445
5.94803,-1.01946
4.65923,1.53674
5.90233,-1.03357
5.53288,0.370193
2.36172e-05,-6.51602e-06
5.87292,-1.04026
5.54282,0.377446
5.80681,-1.05382
5.53674,0.381134
6.11955,-1.97516
5.5057,0.389248
2.39205e-05,-6.59691e-06
5.48351,0.397939
4.7671,-0.261694
5.4324,0.424093
4.78589,-0.266707
5.37826,0.455469
6.25837,-1.9023
5.34894,0.469666
7.45859,0.90965
5.29308,0.489209
6.28832,-1.9093
5.49599,2.42971
6.30124,-1.92036
6.31376,-1.93295
6.40138,-0.875486
5.50533,2.43358
6.32284,-1.95606
6.42518,-0.874682
5.55178,2.44736
6.34554,-1.95988
5.58333,2.455
6.35561,-1.9742
7.67367,1.00692
6.42064,-0.874797
5.42881,2.46768
6.39534,-2.01073
7.75617,1.04643
6.39439,-0.872535
7.53283,-1.75513
5.50238,2.49113
6.46284,-2.06666
7.84624,1.08878
6.34826,-0.867602
7.54381,-1.7761
2.51571e-05,-6.96744e-06
2.39941,1.64733
7.45142,-1.94917
2.38925,1.64912
7.45143,-1.94918
2.2824,1.60874
7.45827,-1.95875
2.18222,1.57487
2.1287,1.55213
2.0606,1.53454
2.54195,-1.57359
2.00666,1.51897
7.44824,-1.88977
5.55428,-2.44499
2.54907,-1.56
1.97222,1.51657
7.45641,-1.90134
5.55424,-2.445
2.55142,-1.55506
1.93316,1.49706
7.46666,-1.91827
5.55423,-2.4399
1.90895,1.47994
7.47378,-1.92249
5.54996,-2.4185
1.92246,1.47747
7.48097,-1.93173
5.57862,-2.36849
1.91441,1.46717
7.48905,-1.93411
5.57451,-2.37603
1.91842,1.45787
7.49487,-1.92561
5.58455,-2.3812
1.89476,1.45421
7.499,-1.92118
5.58416,-2.38125
1.90469,1.46163
5.58581,-2.37702
1.91498,1.4661
5.61509,-2.33137
2.53157,-1.5142
1.95277,1.46903
5.62745,-2.35001
2.53451,-1.51506
1.97216,1.46907
5.63303,-2.33002
2.49181,-1.50918
1.99244,1.47104
5.66603,-2.29143
2.50797,-1.50205
1.98135,1.47014
5.67436,-2.28074
2.49839,-1.49828
2.00653,1.46744
7.49338,-1.77651
5.68858,-2.26022
2.45418,-1.49523
2.99425,-1.50178
1.98737,1.46606
7.49422,-1.77778
5.69292,-2.24318
2.35418,-0.742752
2.73547,-1.49699
2.03879,1.46279
7.4954,-1.78044
5.69059,-2.23629
2.33303,-0.694768
2.07269,1.45973
7.49614,-1.77686
5.67361,-2.22906
2.28928,-0.598289
2.7801,-1.48587
7.49152,-1.79655
2.24397,-0.50311
2.77575,-1.48029
-3.07814e-06,-4.47953e-07
2.17574,1.45674
7.48205,-1.80668
2.22154,-0.456361
2.78368,-1.48136
7.51044,-1.7595
2.17788,-0.364441
2.76125,-1.46489
2.27758,1.45486
7.4743,-1.76897
2.13779,-0.277293
2.7797,-1.47461
2.34357,1.45322
7.44537,-1.774
2.11984,-0.236505
2.75812,-1.47624
2.40587,1.45261
7.55701,-1.6343
2.09072,-0.164125
2.46041,1.45275
7.53655,-1.57149
2.65979,-1.47308
-3.79393e-06,-4.49902e-07
2.47282,1.4541
7.52263,-1.55055
2.6514,-1.47503
2.522,1.45606
7.49145,-1.51341
2.62294,-1.47159
2.56826,1.45924
7.52131,-1.50668
1.92553,0.194126
2.60912,-1.46967
2.57426,1.46191
7.54935,-1.54063
1.95914,0.229739
2.54981,1.46436
7.52902,-1.5287
2.52225,1.46923
7.502,-1.52308
3.92314,-2.75796
2.75661,-1.45296
2.52408,1.47325
7.48398,-1.52205
3.92441,-2.75925
2.75693,-1.4535
7.55471,-1.48937
3.94522,-2.75506
2.82609,-1.44764
2.9941,-0.0570948
7.51933,-1.48672
2.01745,0.232099
2.88301,-1.44363
3.00437,-0.0472979
7.49075,-1.48858
2.04065,0.236742
4.00862,-2.7811
2.86173,-1.44692
3.01747,-0.0389758
7.54956,-1.48563
4.03145,-2.79629
2.85484,-1.44762
3.03297,-0.0342216
7.48292,-1.48921
2.01589,0.228274
4.07081,-2.7804
2.85032,-1.44845
3.01246,-0.042157
2.41097,1.49445
7.4461,-1.49186
1.99001,0.22295
4.09407,-2.78985
2.85061,-1.45114
2.99139,-0.0490815
2.48753,1.49822
7.34917,-1.50026
4.09754,-2.77579
2.84879,-1.44933
7.30091,-1.50432
4.11489,-2.78188
2.84763,-1.45197
1.99955,0.240451
7.1984,-1.51284
4.1328,-2.77111
1.94204,0.274116
7.09315,-1.52123
6.12944,-1.76377
4.15613,-2.77309
2.85167,-1.4544
1.90778,0.272167
7.04103,-1.52514
6.12812,-1.76407
4.15985,-2.75135
2.874,-1.45433
1.96626,0.255574
2.78988,1.43733
4.17645,-2.74668
2.89332,-1.45469
1.99058,0.254472
3.32449,1.32804
2.777,1.43796
6.19394,-1.69194
4.18967,-2.72958
2.91935,-1.44667
2.01783,0.236234
2.78615,1.44605
6.2085,-1.69161
4.20074,-2.73044
2.91955,-1.4482
1.96912,0.243501
2.75282,1.44906
4.21271,-2.72904
2.94524,-1.44012
1.86802,0.257339
3.38642,1.33888
2.71713,1.45176
4.23568,-2.7369
2.97025,-1.43329
1.99082,0.238181
4.25005,-2.74965
2.99133,-1.427
2.10037,0.216745
4.28834,-2.78403
3.00949,-1.4231
2.15357,0.207626
4.34532,-2.83083
3.00425,-1.42502
2.2013,0.198245
2.63737,1.47548
4.37678,-2.86353
3.00449,-1.43046
2.1724,0.196437
-7.39999e-06,-6.66812e-07
2.62011,1.49149
3.94201,-1.26285
6.31346,-1.56478
4.44274,-2.94797
3.04313,-1.44846
2.19227,0.181918
3.62036,1.26106
2.58733,1.51743
6.31545,-1.56692
4.517,-3.04563
3.04451,-1.46973
2.12629,0.172961
-7.8589e-06,-7.49473e-07
2.57022,1.53118
3.17641,-1.3695
6.31993,-1.57093
4.5565,-3.09801
3.04075,-1.48221
2.22991,0.17037
2.52146,1.56411
3.13519,-1.36246
6.32256,-1.60378
2.93302,-0.439663
2.17846,0.160382
7.86673,-0.869272
-8.25948e-06,-7.35681e-07
2.60264,1.49919
3.12476,-1.36752
6.30879,-1.6424
2.90258,-0.364212
2.12184,0.15045
7.9091,-0.862995
2.58304,1.51258
3.0792,-1.37089
6.29144,-1.66482
2.88961,-0.328793
2.09019,0.145901
7.93366,-0.859236
2.53962,1.5422
2.98845,-1.38448
6.23898,-1.7195
3.02161,-0.669981
2.25153,0.154244
7.99571,-0.851149
2.48074,1.57916
2.89518,-1.4082
6.18048,-1.78438
7.68226,1.17609
3.01485,-0.639116
2.36099,0.166116
8.08299,-0.840084
2.44683,1.60018
3.11565,-1.40359
6.14948,-1.8194
7.68,1.17084
3.01114,-0.623502
2.44724,0.169079
8.13679,-0.832591
2.37292,1.64643
3.18202,-1.41151
6.083,-1.89425
7.67892,1.17086
3.00481,-0.593322
2.42092,0.168452
8.26416,-0.822477
2.29321,1.69702
3.22576,-1.40642
7.67552,1.16839
2.98556,-0.569829
2.39378,0.165286
2.25196,1.72345
3.20912,-1.42489
7.66965,1.16622
2.97425,-0.560432
2.37519,0.163253
2.57899,1.57875
3.24889,-1.43874
7.64605,1.15858
2.95365,-0.546201
2.32386,0.159429
2.68338,1.53811
3.28354,-1.4488
4.31638,-1.26692
7.6064,1.14326
2.93593,-0.538394
2.25846,0.156848
2.75301,1.50476
3.33029,-1.43349
4.32018,-1.26756
7.63409,1.1752
2.92778,-0.536256
2.223,0.156189
3.87714,1.16987
2.72194,1.53689
3.31281,-1.47604
7.59369,1.16475
2.14822,0.155632
3.87806,1.17014
-9.53647e-06,-8.40462e-07
2.80255,1.49859
3.35686,-1.45338
4.33081,-1.28839
7.55331,1.15431
2.07256,0.154547
3.90322,1.16371
2.79102,1.51281
3.34885,-1.47252
4.31422,-1.30177
2.03194,0.155859
-9.94016e-06,-8.56048e-07
2.76292,1.54343
3.29472,-1.01006
3.28954,-1.40906
2.71886,1.57945
3.26212,-0.972675
3.05348,-1.47635
2.99003,0.17664
3.93845,1.21558
2.69199,1.59971
3.35469,-1.06219
2.8876,-0.212392
2.98896,0.178718
3.95445,1.20978
2.63181,1.64388
3.41288,-1.141
4.82113,-0.664762
3.0111,0.178409
3.97104,1.23701
2.56469,1.69205
3.39199,-1.16376
4.9462,-0.617093
4.56516,-1.16588
3.98283,1.26004
2.52932,1.71722
3.3751,-1.17481
5.0116,-0.589606
4.56524,-1.1715
3.97879,1.27024
2.45583,1.76928
3.43281,-1.24585
5.14897,-0.528942
4.56414,-1.1777
3.94248,-0.145598
-1.08063e-05,-9.29482e-07
2.80332,1.56213
3.47235,-1.28493
5.2935,-0.463664
3.17866,0.174416
4.55322,-1.1601
3.93813,-0.147403
2.9304,1.48598
3.52526,-1.31265
3.18371,0.17403
4.54596,-1.14984
3.92706,-0.154604
7.65564,1.37938
4.14301,1.15515
2.89969,1.51363
3.49444,-1.35078
3.20181,0.182023
4.51606,-1.13059
3.90922,-0.180848
7.65636,1.38014
4.14487,1.15662
3.22546,0.45785
3.46023,-1.39232
4.33224,-0.74673
3.17527,1.38297
3.19051,0.139348
7.65801,1.38155
4.16009,1.16585
3.22449,0.434476
3.4423,-1.41433
4.44997,-0.836762
3.12477,1.46059
3.16506,0.11539
7.65434,1.37698
4.17339,1.17705
3.73493,-0.599916
3.31766,-0.428822
4.31836,-1.25742
4.61976,-1.14198
7.6373,1.35655
4.20842,1.22186
3.78571,-0.731008
3.24563,-0.388435
4.48394,-1.49631
3.19789,0.166396
7.61818,1.33559
4.25502,1.30194
-1.1685e-05,-9.50326e-07
3.81381,-0.79971
3.42688,-0.682352
3.93562,-0.119452
3.29616,0.148372
7.60766,1.32717
4.28317,1.34558
3.88024,-0.949602
3.35451,-0.689167
3.98165,-0.125961
3.30082,0.164039
7.60393,1.32691
4.32699,1.45723
3.94576,-1.22747
3.26844,-0.701864
3.336,1.32275
3.99426,-0.11382
7.18893,0.964767
4.37063,1.58053
3.98394,-1.31773
3.22184,-0.709022
3.99003,-0.103172
7.17567,0.959011
4.39418,1.64435
4.06932,-1.5001
3.12343,-0.725453
4.79338,-2.49789
-1.25e-05,-1.04749e-06
-1.25e-05,-1.04749e-06
4.18129,-1.68337
3.01978,-0.744118
3.36835,1.34576
4.24068,-1.77804
2.96658,-0.754428
4.77654,-2.509
4.35818,-1.96595
2.85827,-0.777005
3.41251,1.30696
3.3844,0.228767
4.74258,-2.53844
6.86438,-0.990707
4.46729,-2.14437
2.74796,-0.801827
3.3761,0.252662
4.68521,-2.58183
6.82973,-0.990929
4.51571,-2.22642
2.6922,-0.814939
3.34723,0.275307
4.64986,-2.60965
6.80048,-0.993624
4.59821,-2.36907
3.48483,1.2815
3.35184,0.287633
4.56975,-2.67635
6.72428,-1.01361
4.6648,-2.47818
4.08761,-1.29546
3.49915,1.26313
3.29222,0.325274
4.48356,-2.76494
6.63672,-1.03851
4.11474,-1.28271
3.50441,1.28585
3.251,0.342554
4.43656,-2.81564
6.58948,-1.0541
-1.35681e-05,-1.07367e-06
3.52424,1.29758
3.30375,0.307772
4.34121,-2.91953
6.48682,-1.09036
4.61342,1.022
3.34746,0.28404
6.38061,-1.12817
4.61418,1.02202
3.30957,0.290694
-1.38649e-05,-1.10406e-06
3.35824,0.263689
4.73062,1.00276
3.40492,0.222703
5.31035,-1.08818
4.75349,1.02415
3.46901,0.187843
5.29808,-1.10043
-1.41909e-05,-1.13636e-06
4.82163,1.05623
4.32093,-1.23453
3.50503,0.16017
5.25724,-1.12682
4.92328,1.08463
4.33203,-1.2517
3.46375,0.151358
4.98574,1.10231
3.44059,0.147383
5.43106,-1.05478
5.12846,1.14667
3.38783,0.140625
5.36748,-1.07791
5.28226,1.19782
3.32756,0.134519
5.56223,-1.08106
5.36098,1.2245
3.29558,0.131709
5.56067,-1.08874
3.54986,0.114059
5.55486,-1.10386
3.72632,1.23641
3.68306,0.1011
3.72629,1.23684
3.67632,0.097126
3.72709,1.23419
5.1782,-2.39232
3.76787,0.084665
3.72947,1.22323
5.19833,-2.39252
3.76509,0.0764304
3.72857,1.21444
5.23046,-2.39785
3.84321,0.0658956
5.27244,-2.42225
3.84093,0.0492047
3.84285,1.15457
5.29955,-2.44072
3.83202,0.0394481
3.85854,1.1659
5.37035,-2.48888
3.80297,0.0169934
3.89129,1.18512
5.45981,-2.55505
5.84229,-1.01445
3.75848,-0.00784646
3.89985,1.19401
5.50935,-2.59404
5.84184,-1.02652
3.73124,-0.0209856
3.90827,1.16711
5.61617,-2.68139
5.82448,-1.04805
3.6684,-0.048713
3.92021,1.1926
5.78354,-1.07332
3.59928,-0.0773934
4.68872,-1.15274
3.92339,1.19213
5.18652,0.815475
5.75605,-1.08844
3.56257,-0.092217
4.69713,-1.15654
3.93375,1.19565
5.1879,0.816149
5.69397,-1.12212
4.70965,-1.16231
-1.68002e-05,-1.24869e-06
3.93935,1.19302
5.15324,0.834194
5.62832,-1.15916
3.94249,1.19972
5.12403,0.849805
5.59601,-1.17861
4.71079,-1.16071
3.94421,1.20868
5.0495,0.890389
5.38292,-2.30417
4.70082,-1.14847
-1.71707e-05,-1.25909e-06
3.93151,1.20938
4.96116,0.938739
4.41648,0.075764
-1.72725e-05,-1.25244e-06
4.91582,0.964853
4.41506,0.0742555
3.94666,1.15944
4.827,1.02089
4.46755,0.0716631
3.89563,1.17485
4.74669,1.08118
4.45603,0.0640047
3.85642,1.1846
4.71175,1.11292
4.43853,0.0621217
5.49392,-2.23609
3.75308,1.20888
4.38358,0.063708
5.51238,-2.24758
6.3068,-0.928926
-1.80258e-05,-1.37245e-06
3.62857,1.23968
4.33492,0.0659613
5.50627,-2.26289
3.56166,1.25676
4.30563,0.0657244
5.50411,-2.27151
3.42314,1.29298
4.23986,0.0626287
5.50255,-2.28845
4.16959,0.0592897
-1.87255e-05,-1.45173e-06
5.47902,-0.297583
5.52646,-0.295009
4.76468,0.113165
4.76215,0.113376
4.22541,1.02532
5.5989,-0.287396
4.75056,0.109303
5.62281,-0.278769
4.73486,0.109085
5.10907,-1.1344
5.68086,-0.254417
4.67345,0.116575
4.22374,1.04609
5.15669,-1.08861
5.76188,-0.224946
4.56901,0.134017
4.22219,1.03199
5.81158,-0.207839
4.51185,0.142206
4.21292,1.02604
5.93095,-0.166911
4.39274,0.155471
4.17959,1.01734
4.2851,0.170488
4.138,1.00907
5.2189,-1.06234
4.23316,0.176513
4.1126,1.00615
5.2213,-1.06362
4.05331,1.00271
5.21655,-1.08524
-2.04208e-05,-1.48118e-06
5.95941,0.628432
5.20015,-1.1049
-2.02968e-05,-1.43771e-06
5.9688,0.605227
5.18826,-1.11464
5.99286,0.61113
6.2956,2.08875
6.00911,0.615371
6.2963,2.0897
6.00905,0.608189
6.29667,2.08285
5.98571,0.57359
6.30051,2.05656
5.93729,0.533312
5.90707,0.513556
6.16917,1.92108
5.22849,0.080297
5.83968,0.476015
6.17689,1.86337
5.22293,0.0794205
5.77476,0.447305
6.19029,1.82502
5.19865,0.08168
5.91963,-2.11401
6.19824,1.80894
5.18129,0.0835605
5.48083,-1.0716
5.91986,-2.11572
-2.1754e-05,-1.58695e-06
6.21525,1.7802
5.13816,0.089819
5.51085,-1.10884
5.91715,-2.12835
5.07295,0.0983995
5.5303,-1.07286
5.95592,-2.14379
-2.19944e-05,-1.63965e-06
6.31047,1.89946
5.03018,0.101021
5.55499,-1.06797
6.31084,1.89918
4.93246,0.108062
5.55138,-1.0641
6.2765,1.91797
4.82557,0.116382
5.53684,-1.05992
6.25327,1.93151
4.77025,0.120652
5.52307,-1.05778
6.18985,-1.90368
6.20742,1.96237
6.39399,0.529984
5.48553,-1.05419
6.28208,-1.87254
-2.24094e-05,-1.64223e-06
6.16585,1.9964
6.7406,2.79595
-2.26546e-05,-1.61312e-06
6.14747,2.01285
6.74594,2.80553
6.75018,2.81322
4.70692,0.889785
6.11935,-2.01428
4.70623,0.889735
6.12564,-2.00953
6.10328,2.09956
6.47745,0.486705
6.82404,2.78621
6.13229,-2.00979
6.47615,0.496177
6.91638,2.74104
6.14105,-2.01147
-9.35487e-05,4.52572e-06
6.46657,0.501892
6.99608,2.6807
4.7153,0.864255
6.14346,-2.02508
6.44553,-0.401224
6.44956,0.499972
7.03897,2.65059
4.71383,0.864698
6.14907,-2.0423
6.463,1.99713
6.38785,0.500134
7.13027,2.59335
4.68951,0.87783
6.15224,-2.062
6.46146,1.99586
6.44428,-0.410176
7.20338,2.54225
6.42511,2.05719
6.43786,-0.40992
6.11057,-2.0858
6.42139,2.05783
-9.39908e-05,4.4743e-06
6.41424,-0.400779
4.77611,0.879034
6.11231,-2.08288
5.01596,2.1876
5.85069,-0.984083
6.37778,-0.384423
6.07758,-2.1019
4.31678,2.24443
5.83879,-0.965994
-9.43692e-05,4.48826e-06
6.35585,-0.373271
6.05222,-2.11261
3.95366,2.26419
5.83094,-0.957285
6.30319,-0.346711
6.34388,2.10728
4.92281,0.813549
6.74158,0.482112
5.98966,-2.14093
3.22725,2.30376
5.79007,-0.93882
6.24293,-0.312694
6.36273,2.11954
4.92182,0.813863
6.74294,0.48508
5.91568,-2.17636
2.50067,2.34347
5.71904,-0.925046
5.86926,0.112114
6.37718,2.12713
4.92901,0.820181
6.74202,0.483027
5.87596,-2.1961
2.13736,2.36334
5.67496,-0.919502
1.91231,-0.120042
2.44733,-1.73092
2.3873,1.61684
1.8911,-0.178943
2.40487,-1.71705
2.29131,1.50743
1.89017,-0.191036
2.40197,-1.71812
2.2757,1.49099
1.87774,-0.231342
2.3639,-1.7034
2.19665,1.40592
1.86416,-0.262554
2.33428,-1.69119
2.14264,1.33578
1.8588,-0.271351
2.31715,-1.68291
2.12659,1.30894
1.85435,-0.285986
2.30085,-1.67879
2.09877,1.27529
1.85948,-0.299094
2.30049,-1.6607
2.0799,1.25289
1.85636,-0.309019
2.29501,-1.66106
2.05931,1.2352
5.96045,-2.64623
1.86276,-0.30757
2.29956,-1.64706
2.04885,1.22082
1.87563,-0.296089
2.30949,-1.64095
2.05209,1.20984
2.90073,1.31202
1.89365,-0.280598
2.3211,-1.63366
2.07266,1.21679
5.98892,-2.60844
2.92285,1.30474
1.90577,-0.268207
2.33051,-1.62941
2.07391,1.2149
2.01929,-0.242919
7.16534,-4.07762
3.12902,0.17249
2.32826,-1.63252
2.14311,1.21543
1.61059,-0.016163
8.51813,-5.79139
3.20029,0.196147
2.32552,-1.62508
2.13089,1.2073
1.07285,0.309789
2.94786,1.28669
3.34495,0.241581
2.31531,-1.58794
2.12486,1.21466
0.299133,0.739734
2.99719,1.26734
2.01346,-0.207558
3.49246,0.283386
2.29811,-1.53714
2.12031,1.22552
-0.0883577,0.954744
3.00139,1.27074
2.01299,-0.207816
3.56736,0.303082
2.28635,-1.50735
2.10561,1.22319
-0.863624,1.38479
3.01211,1.28014
2.01113,-0.208257
3.71925,0.340436
2.2631,-1.44998
2.0732,1.21997
3.02451,1.2915
2.00942,-0.207619
3.87228,0.376459
2.24103,-1.3954
2.0385,1.21656
3.03138,1.298
2.00836,-0.207276
3.94938,0.393975
2.23031,-1.36939
2.02009,1.21516
3.04636,1.31245
2.00581,-0.206304
4.10464,0.428217
2.20946,-1.32
1.98131,1.2128
-2.25456e-06,2.04755e-06
3.06331,1.32896
2.10613,-0.145969
4.26054,0.461996
2.38037,-1.45593
1.93168,1.20687
3.0737,1.33915
2.10697,-0.144987
2.37859,-1.44072
1.89233,1.19948
-2.3506e-06,2.13496e-06
3.15097,1.21454
2.13043,-0.242014
2.45424,-1.498
1.81268,1.18483
3.18488,1.21667
2.15212,-0.257499
2.51453,-1.5034
2.048,1.26436
3.20622,1.22042
2.15838,-0.271732
2.51938,-1.49607
2.01148,1.26064
2.1872,-0.247026
2.56362,-1.50692
1.93692,1.25379
-2.88196e-06,2.68226e-06
6.83912,1.15134
2.24499,-0.237006
2.60616,-1.5073
2.07896,1.28016
6.85615,1.16421
2.26792,-0.211847
2.64168,-1.50475
2.15925,1.31158
6.80437,1.14548
2.29708,-0.191897
2.67857,-1.50245
2.11098,1.31227
2.32523,-0.168735
2.71076,-1.50187
2.04991,1.30811
2.3446,-0.162171
2.72223,-1.50065
2.01404,1.30434
2.36913,-0.15619
2.74039,-1.51462
2.12904,1.29409
2.38799,-0.157059
2.69127,-1.57542
2.19877,1.27312
2.40422,-0.150961
2.68841,-1.58586
2.17389,1.26945
6.95911,0.858076
2.43591,-0.137637
2.12382,1.2633
3.37709,1.15921
6.86862,1.09164
2.43183,-0.154084
2.2333,1.26348
3.37755,1.15928
6.93799,1.1324
2.44208,-0.146732
2.21105,1.25913
3.38566,1.16041
6.83202,1.03956
2.45203,-0.17722
2.71531,-1.63291
2.27615,1.27581
2.47017,-0.187578
2.74137,-1.62889
2.32053,1.2896
2.48348,-0.178107
2.73586,-1.64201
2.36982,1.30519
2.50503,-0.163315
2.76019,-1.67767
2.3994,1.31734
6.86238,0.988412
2.53276,-0.152288
2.8142,-1.73381
2.43016,1.32266
3.65287,1.03451
2.54685,-0.150874
2.84406,-1.76501
2.42255,1.32067
-4.85364e-06,4.73738e-06
3.60398,1.11796
2.59495,-0.147666
3.11903,-1.59531
2.4581,1.30798
3.64459,1.12188
2.63317,-0.154479
3.21466,-1.64151
2.49663,1.29984
3.65408,1.10899
2.64627,-0.160705
3.26064,-1.6717
2.52853,1.29578
3.67373,1.12219
2.6765,-0.167727
3.11185,-1.75196
2.55298,1.2904
3.71241,1.11454
2.69897,-0.175216
3.06954,-1.78373
2.58451,1.28306
3.73818,1.12079
2.71504,-0.178109
3.09577,-1.82352
2.58258,1.28167
3.79703,1.13503
2.73514,-0.182646
3.04776,-1.87182
2.60918,1.27844
3.82757,1.12152
3.48342,-1.29215
2.75896,-0.181675
3.09013,-1.96011
2.64737,1.27814
3.8643,1.12911
3.48373,-1.29232
2.76741,-0.176874
3.1228,-2.00595
2.64581,1.27921
3.95391,1.15745
3.47512,-1.29334
2.79359,-0.163728
3.20342,-2.10988
2.62425,1.27542
3.9567,1.13504
3.46535,-1.28035
2.81647,-0.151691
3.29664,-2.23109
2.58139,1.26477
4.00989,1.15146
3.45779,-1.27296
2.82663,-0.150656
3.34565,-2.29612
2.55178,1.25572
4.12204,1.18056
3.43485,-1.25981
2.8486,-0.131629
3.44644,-2.43168
2.47699,1.2298
4.11282,1.12668
2.92891,-1.5911
2.87062,-0.113828
3.54918,-2.57194
2.38629,1.1967
4.17009,1.13206
2.9988,-1.59697
2.88212,-0.103923
3.60099,-2.64306
2.33667,1.17846
2.90066,-0.0990816
2.23197,1.14012
-6.58903e-06,6.4581e-06
2.91678,-0.0966371
2.9215,-0.0987318
2.9429,-0.143386
2.96181,-0.172674
3.14218,-1.58986
2.98195,-0.180461
2.96598,1.29415
3.93804,-1.15032
3.14681,-1.61587
3.00033,-0.186446
2.97486,1.2979
3.9961,-1.15643
3.16049,-1.63036
3.0201,-0.187273
2.98417,1.30604
4.03179,-1.16177
3.02065,-0.188775
2.98883,1.31202
4.11522,-1.18553
3.03943,-0.170052
2.99722,1.32633
4.22454,-1.22724
3.2979,-1.59873
3.03024,-0.17301
3.07848,1.28363
4.29069,-1.2547
3.30956,-1.60013
3.01267,-0.17936
3.08725,1.28744
3.35984,-1.55754
2.97903,-0.196881
3.10546,1.2738
4.60225,0.896884
3.38943,-1.56107
3.06901,-0.32691
3.09718,1.25631
7.97345,-0.473973
4.65865,0.898719
3.13469,0.198364
3.41007,-1.5678
3.04573,-0.352521
3.08677,1.26051
7.97345,-0.473975
4.78109,0.914428
3.13872,0.192434
3.42918,-1.57563
2.99103,-0.410322
3.09881,1.33826
7.98628,-0.476578
4.91534,0.938098
3.46171,-1.59573
2.96537,0.242835
3.22003,-0.0400689
4.98436,0.950224
3.45013,-1.59432
2.90504,0.256051
3.22756,-0.122681
3.19158,1.32587
5.1265,0.973995
3.47705,-0.60427
3.46187,-1.60597
2.75189,0.29164
3.73623,0.182128
3.20721,1.31038
3.46717,-0.405368
3.76336,-0.839512
2.58361,0.325186
3.69519,-0.555645
3.22517,1.31591
-8.35834e-06,8.31879e-06
3.50815,-0.469195
3.78144,-0.80483
2.50014,0.335321
3.72728,-0.64432
3.23089,1.31995
3.55718,-1.44441
4.01592,-0.230958
2.3305,0.355541
3.66756,-0.635443
8.1423,-0.34669
3.24258,1.3357
4.40952,0.850463
3.57498,-1.86311
4.32746,0.631463
2.15821,0.375201
3.62732,-0.635331
8.2281,-0.326225
3.25094,1.37831
4.36347,-1.09835
4.43326,0.818399
3.57593,-1.86735
4.37061,0.718279
2.07134,0.384841
3.61379,-0.63853
8.281,-0.315518
3.25194,1.41113
4.36634,-1.09898
4.48365,0.840107
3.61618,-2.19672
4.43577,0.860415
1.89644,0.40387
3.62217,-0.686127
3.27061,1.48002
4.36975,-1.08442
4.55646,0.865787
3.65507,-2.53117
4.4672,0.967304
3.62653,-0.715665
3.29032,1.56356
4.3345,-1.08523
-9.16143e-06,8.9732e-06
4.6043,0.870102
3.67421,-2.69977
4.46913,1.0414
3.62651,-0.758213
3.2977,1.61091
4.30348,-1.08458
3.7121,-3.03849
4.45282,1.20665
8.05512,-0.353853
3.62634,-0.770316
4.23188,-1.07552
-9.53503e-06,9.44617e-06
4.40114,1.38935
8.05622,-0.344886
3.62713,-0.760318
3.56257,-1.49463
4.94775,0.827034
4.3747,1.48362
8.05534,-0.342301
3.64167,-0.714598
3.67381,-1.52141
5.11823,0.802355
4.3222,1.67521
8.04258,-0.343365
3.65519,-0.687291
3.41584,1.2627
3.70602,-1.55493
5.29599,0.776831
4.26842,1.86694
8.02298,-0.345286
3.64707,-0.707694
3.44807,1.34749
3.74535,-1.56028
4.2423,1.963
8.01204,-0.345994
3.64048,-0.713665
3.45308,1.36552
3.75579,-1.57416
-1.00123e-05,9.96104e-06
3.49437,0.217721
4.1906,2.15613
7.98666,-0.347284
3.68331,-0.648471
3.4681,1.27632
3.772,-1.5721
3.50074,0.208189
4.13439,2.35117
7.95377,-0.347305
3.72898,-0.587998
3.47943,1.26685
3.81751,-1.55085
5.1516,-1.57188
7.93646,-0.345329
3.77058,-0.551307
3.48516,1.2683
3.83828,-1.52724
-1.03028e-05,1.02798e-05
6.19814,-2.70404
3.5803,0.197402
7.89352,-0.335468
3.81335,-0.539426
3.8657,-1.51592
7.24331,-3.83607
3.60762,0.22817
3.85231,-0.51884
3.54479,1.2589
3.88688,-1.50687
7.76586,-4.40217
3.85426,-0.514948
3.55091,1.25987
3.89621,-1.51264
8.81096,-5.53436
3.65552,0.239719
4.79025,-1.11086
3.8937,-0.500571
3.56817,1.26874
3.91682,-1.5324
4.88148,-1.09175
3.93048,-0.490535
3.58621,1.27828
3.95538,-1.56745
4.91965,-1.06534
4.83574,0.660381
3.96104,-0.489123
3.59219,1.28483
3.98028,-1.58589
3.69745,0.192094
4.83805,0.661323
3.99607,-0.492173
3.61963,1.30458
4.04451,-1.62849
3.71415,0.208345
4.89739,0.665303
4.04105,-0.494505
3.65051,1.32789
4.1226,-1.6586
3.71639,0.212911
4.98377,-1.0658
4.90255,0.666887
4.05413,-0.490303
3.66624,1.34007
4.16404,-1.6762
3.73409,0.222532
5.01059,-1.08388
4.10247,-0.480104
3.70068,1.37135
3.7292,0.22593
5.03625,-1.10632
4.11663,-0.48264
3.7435,1.41747
3.93032,-0.724933
5.05025,-1.1172
4.01078,-0.291159
-1.17736e-05,1.17735e-05
4.01226,-1.19969
3.92264,-0.147182
4.01074,-1.43411
4.99903,0.605378
3.85493,-0.0301476
3.99696,-1.54681
4.99984,0.589739
3.82785,-0.00207481
3.93765,-1.76632
3.7728,0.105703
-1.2238e-05,1.22254e-05
4.00928,-1.82812
3.68213,0.176886
3.80707,1.2179
4.07494,-1.78719
3.68795,0.205257
3.80921,1.21938
4.10711,-1.815
3.66396,0.246584
4.12753,-1.85296
3.65863,0.270065
4.10967,-1.93615
3.61288,0.295996
3.87929,1.19472
4.07325,-2.10368
3.62436,0.308444
3.88819,1.20756
4.03452,-2.27539
4.51075,-0.468808
3.64167,0.304326
3.90046,1.21559
4.01431,-2.36272
3.87512,1.20291
3.69771,0.284943
3.92741,1.21461
3.97362,-2.53791
3.83336,1.19129
3.72258,0.272032
